mRNA,baseMean,log2FoldChange,lfcSE,stat,pvalue,padj
hsa-let-7a-2-3p,0.00,NA,NA,NA,NA,NA
hsa-let-7a-3p,1.12,-0.82,1.84,-0.44,0.66,NA
hsa-let-7a-5p,141544.41,0.19,0.12,1.67,0.09,0.48
hsa-let-7b-3p,6.48,0.75,0.90,0.83,0.41,0.82
hsa-let-7b-5p,58011.54,0.29,0.16,1.87,0.06,0.41
hsa-let-7c-3p,0.15,0.78,3.28,0.24,0.81,NA
hsa-let-7c-5p,142683.95,0.24,0.14,1.76,0.08,0.47
hsa-let-7d-3p,162.33,-0.13,0.20,-0.67,0.50,0.86
hsa-let-7d-5p,1495.19,0.17,0.12,1.37,0.17,0.58
hsa-let-7e-3p,0.32,1.59,3.28,0.48,0.63,NA
hsa-let-7e-5p,86790.74,0.22,0.13,1.69,0.09,0.48
hsa-let-7f-1-3p,0.27,-2.34,3.25,-0.72,0.47,NA
hsa-let-7f-2-3p,0.79,0.94,2.28,0.42,0.68,NA
hsa-let-7f-5p,136905.12,0.19,0.12,1.62,0.11,0.48
hsa-let-7g-3p,0.49,-0.48,3.27,-0.15,0.88,NA
hsa-let-7g-5p,5327.00,0.25,0.09,2.75,0.01,0.09
hsa-let-7i-3p,2.85,-1.24,1.22,-1.02,0.31,NA
hsa-let-7i-5p,18825.93,0.10,0.13,0.77,0.44,0.83
hsa-miR-1-3p,21.84,-0.56,0.68,-0.82,0.41,0.82
hsa-miR-100-3p,0.39,-0.34,3.28,-0.10,0.92,NA
hsa-miR-100-5p,37.92,-0.43,0.38,-1.12,0.26,0.73
hsa-miR-101-2-5p,0.37,-2.79,3.24,-0.86,0.39,NA
hsa-miR-101-3p,1509.50,0.15,0.16,0.94,0.35,0.75
hsa-miR-101-5p,2.47,2.58,1.71,1.51,0.13,NA
hsa-miR-10226,0.24,1.35,3.28,0.41,0.68,NA
hsa-miR-10392-5p,0.00,0.00,0.00,0.00,1.00,NA
hsa-miR-10394-5p,0.00,NA,NA,NA,NA,NA
hsa-miR-10395-3p,0.00,NA,NA,NA,NA,NA
hsa-miR-10396a-3p,0.06,0.54,3.28,0.17,0.87,NA
hsa-miR-10396a-5p,0.00,NA,NA,NA,NA,NA
hsa-miR-10396b-3p,0.06,0.54,3.28,0.17,0.87,NA
hsa-miR-10396b-5p,0.00,NA,NA,NA,NA,NA
hsa-miR-10398-5p,0.36,1.69,3.28,0.51,0.61,NA
hsa-miR-10399-3p,0.00,0.00,0.00,0.00,1.00,NA
hsa-miR-10399-5p,2.65,1.14,1.36,0.83,0.41,NA
hsa-miR-103a-3p,3284.40,-0.06,0.13,-0.43,0.67,0.91
hsa-miR-103b,0.08,0.54,3.28,0.17,0.87,NA
hsa-miR-10401-3p,5.04,5.42,1.11,4.90,0.00,0.00
hsa-miR-10401-5p,0.26,-2.29,3.25,-0.71,0.48,NA
hsa-miR-10526-3p,0.00,0.00,0.00,0.00,1.00,NA
hsa-miR-10527-5p,4.61,-0.51,1.08,-0.47,0.64,0.91
hsa-miR-106a-3p,0.25,-0.69,3.28,-0.21,0.83,NA
hsa-miR-106a-5p,171.33,-0.06,0.17,-0.35,0.73,0.95
hsa-miR-106b-3p,108.99,0.39,0.22,1.79,0.07,0.47
hsa-miR-106b-5p,19.67,-0.29,0.45,-0.64,0.52,0.88
hsa-miR-107,3284.19,-0.06,0.13,-0.43,0.67,0.91
hsa-miR-10a-3p,3.60,0.77,1.15,0.67,0.50,NA
hsa-miR-10a-5p,1284.70,-0.26,0.23,-1.11,0.27,0.73
hsa-miR-10b-3p,10.55,-0.33,0.56,-0.59,0.55,0.91
hsa-miR-10b-5p,1284.85,-0.26,0.23,-1.12,0.26,0.73
hsa-miR-11181-3p,0.08,0.54,3.28,0.17,0.87,NA
hsa-miR-11400,1.71,1.87,2.14,0.88,0.38,NA
hsa-miR-11401,0.17,1.01,3.28,0.31,0.76,NA
hsa-miR-1178-5p,0.24,1.35,3.28,0.41,0.68,NA
hsa-miR-1179,2.55,-0.55,1.45,-0.38,0.70,NA
hsa-miR-1180-3p,22.71,0.69,0.45,1.55,0.12,0.48
hsa-miR-1182,0.04,-0.38,3.28,-0.12,0.91,NA
hsa-miR-1185-1-3p,1.34,1.83,1.76,1.04,0.30,NA
hsa-miR-1185-2-3p,1.34,1.83,1.76,1.04,0.30,NA
hsa-miR-1185-5p,0.13,0.89,3.28,0.27,0.79,NA
hsa-miR-12118,0.18,-0.32,3.28,-0.10,0.92,NA
hsa-miR-12119,0.07,0.43,3.28,0.13,0.90,NA
hsa-miR-12122,0.15,0.89,3.28,0.27,0.79,NA
hsa-miR-12124,0.08,0.43,3.28,0.13,0.90,NA
hsa-miR-12135,0.08,0.54,3.28,0.17,0.87,NA
hsa-miR-12136,10.14,0.10,0.71,0.15,0.88,0.98
hsa-miR-122-3p,0.44,-0.15,2.73,-0.06,0.95,NA
hsa-miR-122-5p,3685.52,0.38,0.39,0.98,0.33,0.73
hsa-miR-1224-3p,0.09,0.54,3.28,0.17,0.87,NA
hsa-miR-1224-5p,4.70,1.83,1.08,1.69,0.09,0.48
hsa-miR-1225-5p,0.09,0.54,3.28,0.17,0.87,NA
hsa-miR-1226-3p,3.53,-0.29,1.09,-0.27,0.79,NA
hsa-miR-1228-3p,0.61,2.36,3.14,0.75,0.45,NA
hsa-miR-1228-5p,0.15,0.89,3.28,0.27,0.79,NA
hsa-miR-1229-3p,2.19,-1.79,1.54,-1.16,0.25,NA
hsa-miR-1229-5p,0.08,0.43,3.28,0.13,0.90,NA
hsa-miR-1237-3p,0.36,-1.95,3.25,-0.60,0.55,NA
hsa-miR-1237-5p,0.13,0.78,3.28,0.24,0.81,NA
hsa-miR-124-3p,0.26,-2.29,3.25,-0.71,0.48,NA
hsa-miR-1246,1.94,-0.01,1.61,-0.01,0.99,NA
hsa-miR-1247-5p,9.33,0.61,0.65,0.93,0.35,0.75
hsa-miR-1249-3p,3.90,0.33,1.10,0.30,0.76,NA
hsa-miR-1249-5p,0.16,-1.55,3.27,-0.48,0.63,NA
hsa-miR-1250-5p,0.63,-0.83,2.32,-0.36,0.72,NA
hsa-miR-1251-3p,0.14,0.78,3.28,0.24,0.81,NA
hsa-miR-1255a,0.54,1.50,2.91,0.52,0.61,NA
hsa-miR-1255b-5p,12.75,0.00,0.66,0.00,1.00,1.00
hsa-miR-1256,0.06,0.54,3.28,0.17,0.87,NA
hsa-miR-125a-3p,9.21,-1.10,0.56,-1.97,0.05,0.38
hsa-miR-125a-5p,4110.45,0.36,0.15,2.32,0.02,0.23
hsa-miR-125b-1-3p,2.50,0.59,1.50,0.40,0.69,NA
hsa-miR-125b-2-3p,6.23,-0.17,1.01,-0.17,0.86,0.98
hsa-miR-125b-5p,849.64,0.68,0.19,3.64,0.00,0.02
hsa-miR-126-3p,62005.80,0.24,0.17,1.38,0.17,0.58
hsa-miR-126-5p,4489.99,-0.08,0.16,-0.50,0.61,0.91
hsa-miR-1260a,0.14,0.78,3.28,0.24,0.81,NA
hsa-miR-1260b,0.08,0.54,3.28,0.17,0.87,NA
hsa-miR-1266-5p,0.14,0.78,3.28,0.24,0.81,NA
hsa-miR-1267,0.00,NA,NA,NA,NA,NA
hsa-miR-1268a,2.46,4.40,1.13,3.90,0.00,NA
hsa-miR-1268b,3.25,2.22,1.12,1.99,0.05,NA
hsa-miR-127-3p,26.19,0.44,0.45,0.97,0.33,0.73
hsa-miR-127-5p,0.49,1.38,2.17,0.64,0.53,NA
hsa-miR-1270,4.55,0.78,1.01,0.77,0.44,0.83
hsa-miR-1271-5p,1.26,2.17,1.64,1.33,0.18,NA
hsa-miR-1272,0.22,1.01,3.28,0.31,0.76,NA
hsa-miR-1273c,0.19,-1.03,3.28,-0.31,0.75,NA
hsa-miR-1273h-3p,5.66,-0.17,0.84,-0.20,0.84,0.97
hsa-miR-1273h-5p,1.05,0.37,2.05,0.18,0.85,NA
hsa-miR-1275,4.31,0.77,1.36,0.56,0.57,NA
hsa-miR-1277-3p,1.38,0.00,1.87,0.00,1.00,NA
hsa-miR-1277-5p,41.34,-0.68,0.33,-2.02,0.04,0.35
hsa-miR-1278,0.00,0.00,0.00,0.00,1.00,NA
hsa-miR-128-1-5p,1.64,-0.21,1.43,-0.15,0.88,NA
hsa-miR-128-3p,147.30,-0.10,0.19,-0.50,0.62,0.91
hsa-miR-1281,0.13,0.78,3.28,0.24,0.81,NA
hsa-miR-1284,0.13,0.78,3.28,0.24,0.81,NA
hsa-miR-1285-3p,0.76,-0.59,2.26,-0.26,0.79,NA
hsa-miR-1285-5p,0.48,2.05,2.93,0.70,0.49,NA
hsa-miR-1287-5p,5.82,-0.07,0.89,-0.08,0.94,0.99
hsa-miR-1289,0.09,0.54,3.28,0.17,0.87,NA
hsa-miR-129-5p,0.75,2.68,2.46,1.09,0.28,NA
hsa-miR-1290,0.00,NA,NA,NA,NA,NA
hsa-miR-1291,0.21,1.01,3.28,0.31,0.76,NA
hsa-miR-1292-3p,0.10,-0.96,3.28,-0.29,0.77,NA
hsa-miR-1292-5p,3.37,0.23,1.15,0.20,0.84,NA
hsa-miR-1293,0.21,1.01,3.28,0.31,0.76,NA
hsa-miR-1294,18.52,1.38,0.45,3.10,0.00,0.06
hsa-miR-1295a,0.38,-0.22,3.28,-0.07,0.95,NA
hsa-miR-1296-3p,0.00,NA,NA,NA,NA,NA
hsa-miR-1296-5p,3.54,-0.06,1.03,-0.06,0.96,NA
hsa-miR-1297,3.79,1.53,1.22,1.25,0.21,NA
hsa-miR-1298-5p,0.23,1.12,3.28,0.34,0.73,NA
hsa-miR-1299,2.56,1.71,1.52,1.13,0.26,NA
hsa-miR-1301-3p,18.44,-0.84,0.53,-1.59,0.11,0.48
hsa-miR-1303,4.77,-1.00,0.96,-1.04,0.30,0.73
hsa-miR-1304-3p,0.23,1.12,3.28,0.34,0.73,NA
hsa-miR-1304-5p,0.08,0.54,3.28,0.17,0.87,NA
hsa-miR-1306-3p,1.28,0.77,2.02,0.38,0.70,NA
hsa-miR-1306-5p,74.85,0.14,0.25,0.54,0.59,0.91
hsa-miR-1307-3p,235.84,-0.57,0.22,-2.61,0.01,0.12
hsa-miR-1307-5p,9.86,-0.47,0.74,-0.63,0.53,0.88
hsa-miR-130a-3p,67.42,-0.15,0.26,-0.57,0.57,0.91
hsa-miR-130a-5p,0.06,0.54,3.28,0.17,0.87,NA
hsa-miR-130b-3p,13.03,0.59,0.64,0.92,0.36,0.76
hsa-miR-130b-5p,7.10,-0.01,0.75,-0.02,0.98,0.99
hsa-miR-132-3p,7.61,1.59,0.90,1.76,0.08,0.47
hsa-miR-132-5p,0.48,0.64,2.68,0.24,0.81,NA
hsa-miR-1323,0.37,-0.96,3.26,-0.29,0.77,NA
hsa-miR-1324,0.27,1.12,3.28,0.34,0.73,NA
hsa-miR-133a-3p,4.97,0.57,1.23,0.47,0.64,0.91
hsa-miR-133b,0.98,1.17,2.23,0.53,0.60,NA
hsa-miR-134-5p,64.00,0.17,0.55,0.30,0.76,0.95
hsa-miR-1343-3p,0.14,0.78,3.28,0.24,0.81,NA
hsa-miR-135a-2-3p,0.05,0.43,3.28,0.13,0.90,NA
hsa-miR-135a-5p,2.43,0.45,1.27,0.36,0.72,NA
hsa-miR-135b-5p,2.43,0.45,1.27,0.36,0.72,NA
hsa-miR-136-3p,3.49,-1.54,1.40,-1.11,0.27,NA
hsa-miR-136-5p,4.79,-0.04,1.09,-0.04,0.97,0.99
hsa-miR-137-3p,0.26,-2.29,3.25,-0.71,0.48,NA
hsa-miR-138-2-3p,0.05,0.43,3.28,0.13,0.90,NA
hsa-miR-138-5p,1.74,2.15,1.54,1.40,0.16,NA
hsa-miR-139-3p,145.88,0.08,0.20,0.41,0.68,0.92
hsa-miR-139-5p,76.22,0.14,0.19,0.73,0.46,0.84
hsa-miR-140-3p,295.91,0.65,0.19,3.40,0.00,0.03
hsa-miR-140-5p,102.46,-0.25,0.23,-1.10,0.27,0.73
hsa-miR-141-3p,50.92,-0.02,0.54,-0.03,0.97,0.99
hsa-miR-141-5p,0.44,-0.47,3.02,-0.16,0.88,NA
hsa-miR-142-3p,17666.44,-0.19,0.12,-1.58,0.12,0.48
hsa-miR-142-5p,3271.88,0.42,0.15,2.86,0.00,0.09
hsa-miR-143-3p,451.16,-0.20,0.19,-1.04,0.30,0.73
hsa-miR-143-5p,3.03,-1.10,1.39,-0.79,0.43,NA
hsa-miR-144-3p,313.00,-0.18,0.17,-1.06,0.29,0.73
hsa-miR-144-5p,491.32,-0.04,0.23,-0.17,0.86,0.98
hsa-miR-145-3p,0.96,2.41,1.63,1.48,0.14,NA
hsa-miR-145-5p,23.45,0.20,0.40,0.50,0.62,0.91
hsa-miR-1468-5p,2.74,0.11,1.42,0.08,0.94,NA
hsa-miR-1469,4.61,1.25,1.13,1.10,0.27,0.73
hsa-miR-146a-3p,0.55,1.53,2.60,0.59,0.56,NA
hsa-miR-146a-5p,2257.25,-0.13,0.17,-0.74,0.46,0.84
hsa-miR-146b-3p,19.74,0.85,0.50,1.68,0.09,0.48
hsa-miR-146b-5p,406.57,0.36,0.18,1.96,0.05,0.38
hsa-miR-1470,0.09,0.54,3.28,0.17,0.87,NA
hsa-miR-147a,0.08,0.54,3.28,0.17,0.87,NA
hsa-miR-147b-3p,0.08,0.54,3.28,0.17,0.87,NA
hsa-miR-147b-5p,0.10,0.66,3.28,0.20,0.84,NA
hsa-miR-148a-3p,968.30,0.07,0.17,0.40,0.69,0.92
hsa-miR-148a-5p,0.95,-0.15,2.42,-0.06,0.95,NA
hsa-miR-148b-3p,319.90,-0.12,0.21,-0.55,0.58,0.91
hsa-miR-148b-5p,12.52,0.61,0.64,0.95,0.34,0.74
hsa-miR-149-3p,0.11,0.78,3.28,0.24,0.81,NA
hsa-miR-149-5p,1.09,-0.14,2.04,-0.07,0.94,NA
hsa-miR-150-3p,58.64,1.17,0.35,3.32,0.00,0.03
hsa-miR-150-5p,15041.64,0.61,0.21,2.86,0.00,0.09
hsa-miR-151a-3p,786.62,-0.19,0.19,-0.99,0.32,0.73
hsa-miR-151a-5p,137.04,0.20,0.27,0.73,0.46,0.84
hsa-miR-151b,73.97,0.39,0.34,1.16,0.25,0.73
hsa-miR-152-3p,80.04,0.01,0.24,0.05,0.96,0.99
hsa-miR-152-5p,0.04,-0.38,3.28,-0.12,0.91,NA
hsa-miR-153-3p,0.25,-0.26,3.28,-0.08,0.94,NA
hsa-miR-1537-3p,0.73,-2.51,2.95,-0.85,0.39,NA
hsa-miR-1537-5p,0.11,-0.03,3.28,-0.01,0.99,NA
hsa-miR-1538,0.37,1.73,3.28,0.53,0.60,NA
hsa-miR-154-3p,0.00,NA,NA,NA,NA,NA
hsa-miR-154-5p,2.49,0.44,1.61,0.27,0.78,NA
hsa-miR-155-5p,1912.60,0.27,0.17,1.56,0.12,0.48
hsa-miR-1587,0.10,0.66,3.28,0.20,0.84,NA
hsa-miR-15a-5p,369.67,0.32,0.20,1.63,0.10,0.48
hsa-miR-15b-3p,16.38,0.29,0.59,0.50,0.62,0.91
hsa-miR-15b-5p,386.64,0.36,0.17,2.10,0.04,0.34
hsa-miR-16-1-3p,0.67,-2.25,2.69,-0.84,0.40,NA
hsa-miR-16-2-3p,13.05,0.00,0.56,0.00,1.00,1.00
hsa-miR-16-5p,151261.88,0.32,0.16,2.01,0.04,0.35
hsa-miR-17-3p,5.71,0.27,0.82,0.32,0.75,0.95
hsa-miR-17-5p,178.74,-0.05,0.17,-0.28,0.78,0.96
hsa-miR-181a-2-3p,26.27,0.49,0.54,0.90,0.37,0.77
hsa-miR-181a-3p,22.94,0.19,0.39,0.49,0.63,0.91
hsa-miR-181a-5p,540.24,-0.24,0.24,-1.01,0.31,0.73
hsa-miR-181b-2-3p,0.00,NA,NA,NA,NA,NA
hsa-miR-181b-3p,0.00,NA,NA,NA,NA,NA
hsa-miR-181b-5p,148.06,0.21,0.27,0.80,0.42,0.82
hsa-miR-181c-3p,1.64,-1.26,1.34,-0.94,0.35,NA
hsa-miR-181c-5p,2.08,-0.95,1.31,-0.72,0.47,NA
hsa-miR-181d-3p,0.73,-1.58,2.72,-0.58,0.56,NA
hsa-miR-181d-5p,143.62,0.24,0.26,0.90,0.37,0.77
hsa-miR-182-5p,1229.70,0.30,0.27,1.11,0.27,0.73
hsa-miR-1827,53.24,0.27,0.34,0.81,0.42,0.82
hsa-miR-183-3p,0.50,2.05,2.94,0.70,0.49,NA
hsa-miR-183-5p,341.53,0.38,0.28,1.34,0.18,0.60
hsa-miR-184,4.79,1.35,1.39,0.97,0.33,0.73
hsa-miR-1843,11.33,-0.72,0.55,-1.33,0.18,0.61
hsa-miR-185-3p,12.97,-0.74,0.48,-1.54,0.12,0.48
hsa-miR-185-5p,475.23,0.14,0.20,0.73,0.46,0.84
hsa-miR-186-3p,0.05,0.43,3.28,0.13,0.90,NA
hsa-miR-186-5p,179.32,-0.17,0.15,-1.18,0.24,0.73
hsa-miR-187-3p,0.23,-2.08,3.26,-0.64,0.52,NA
hsa-miR-187-5p,0.15,0.78,3.28,0.24,0.81,NA
hsa-miR-188-5p,1.35,-2.06,2.26,-0.91,0.36,NA
hsa-miR-18a-3p,4.85,-0.65,1.16,-0.56,0.57,0.91
hsa-miR-18a-5p,41.72,-0.12,0.26,-0.47,0.64,0.91
hsa-miR-18b-3p,0.09,-0.96,3.28,-0.29,0.77,NA
hsa-miR-18b-5p,41.72,-0.12,0.26,-0.47,0.64,0.91
hsa-miR-1908-5p,11.53,-0.39,0.73,-0.54,0.59,0.91
hsa-miR-190a-3p,0.00,NA,NA,NA,NA,NA
hsa-miR-190a-5p,365.55,0.00,0.19,-0.02,0.98,0.99
hsa-miR-190b-5p,18.48,0.76,0.44,1.71,0.09,0.48
hsa-miR-191-3p,5.84,-0.19,0.88,-0.21,0.83,0.97
hsa-miR-191-5p,2514.61,0.27,0.15,1.83,0.07,0.44
hsa-miR-1912-5p,0.24,1.01,3.28,0.31,0.76,NA
hsa-miR-1914-3p,0.23,-1.30,3.27,-0.40,0.69,NA
hsa-miR-1914-5p,0.09,-0.96,3.28,-0.29,0.77,NA
hsa-miR-1915-3p,0.06,0.43,3.28,0.13,0.90,NA
hsa-miR-192-3p,0.50,2.10,3.26,0.64,0.52,NA
hsa-miR-192-5p,241.95,0.51,0.19,2.75,0.01,0.09
hsa-miR-193a-3p,0.00,NA,NA,NA,NA,NA
hsa-miR-193a-5p,52.97,0.44,0.28,1.55,0.12,0.48
hsa-miR-193b-3p,0.66,0.07,2.31,0.03,0.98,NA
hsa-miR-193b-5p,12.60,0.40,0.64,0.62,0.53,0.89
hsa-miR-194-3p,0.33,1.59,3.19,0.50,0.62,NA
hsa-miR-194-5p,90.41,0.18,0.25,0.71,0.48,0.84
hsa-miR-195-3p,0.80,-1.36,2.02,-0.67,0.50,NA
hsa-miR-195-5p,64.87,-0.33,0.28,-1.17,0.24,0.73
hsa-miR-196a-5p,86.58,-0.46,0.24,-1.93,0.05,0.38
hsa-miR-196b-5p,86.58,-0.46,0.24,-1.93,0.05,0.38
hsa-miR-197-3p,149.17,-0.16,0.25,-0.65,0.52,0.88
hsa-miR-197-5p,2.40,-0.70,1.50,-0.47,0.64,NA
hsa-miR-1972,0.27,1.40,3.28,0.43,0.67,NA
hsa-miR-1976,0.29,1.49,3.28,0.45,0.65,NA
hsa-miR-198,0.18,-1.77,3.26,-0.54,0.59,NA
hsa-miR-199a-3p,1994.57,-0.63,0.18,-3.50,0.00,0.02
hsa-miR-199a-5p,37.37,-0.93,0.40,-2.32,0.02,0.23
hsa-miR-199b-3p,1994.57,-0.63,0.18,-3.50,0.00,0.02
hsa-miR-199b-5p,18.36,-2.30,0.73,-3.17,0.00,0.05
hsa-miR-19a-3p,227.52,-0.07,0.19,-0.34,0.73,0.95
hsa-miR-19b-3p,226.42,-0.06,0.19,-0.33,0.74,0.95
hsa-miR-200a-3p,53.82,-0.04,0.45,-0.09,0.93,0.99
hsa-miR-200a-5p,0.29,-0.15,3.28,-0.05,0.96,NA
hsa-miR-200b-3p,34.10,0.38,0.57,0.67,0.50,0.86
hsa-miR-200b-5p,0.53,-0.16,2.92,-0.05,0.96,NA
hsa-miR-200c-3p,101.31,0.06,0.42,0.14,0.89,0.98
hsa-miR-200c-5p,0.05,0.43,3.28,0.13,0.90,NA
hsa-miR-202-3p,0.26,1.41,3.28,0.43,0.67,NA
hsa-miR-202-5p,0.36,1.66,3.12,0.53,0.60,NA
hsa-miR-203a-3p,920.26,-0.49,0.34,-1.48,0.14,0.53
hsa-miR-203b-3p,0.00,NA,NA,NA,NA,NA
hsa-miR-204-3p,0.99,2.44,2.63,0.93,0.35,NA
hsa-miR-204-5p,40.03,0.14,0.32,0.45,0.65,0.91
hsa-miR-205-3p,0.36,-1.45,3.26,-0.45,0.66,NA
hsa-miR-205-5p,60.98,-1.40,0.45,-3.09,0.00,0.06
hsa-miR-206,7.59,-0.35,0.98,-0.36,0.72,0.95
hsa-miR-208a-5p,0.14,0.78,3.28,0.24,0.81,NA
hsa-miR-20a-3p,1.77,1.94,1.53,1.27,0.20,NA
hsa-miR-20a-5p,522.30,-0.09,0.18,-0.48,0.63,0.91
hsa-miR-20b-5p,98.90,0.53,0.19,2.76,0.01,0.09
hsa-miR-21-3p,0.86,2.22,2.25,0.99,0.32,NA
hsa-miR-21-5p,3141.30,-0.46,0.16,-2.78,0.01,0.09
hsa-miR-210-3p,2.42,1.24,1.20,1.03,0.30,NA
hsa-miR-210-5p,0.53,2.17,3.23,0.67,0.50,NA
hsa-miR-211-3p,0.23,1.24,3.28,0.38,0.71,NA
hsa-miR-211-5p,6.52,0.66,1.62,0.41,0.68,0.92
hsa-miR-2110,25.35,0.28,0.48,0.59,0.55,0.91
hsa-miR-2114-3p,0.08,0.54,3.28,0.17,0.87,NA
hsa-miR-2115-3p,0.03,0.31,3.28,0.10,0.92,NA
hsa-miR-2115-5p,0.08,0.54,3.28,0.17,0.87,NA
hsa-miR-2116-3p,1.19,-1.57,1.67,-0.94,0.35,NA
hsa-miR-2116-5p,0.47,0.58,2.69,0.21,0.83,NA
hsa-miR-212-3p,0.05,0.43,3.28,0.13,0.90,NA
hsa-miR-212-5p,0.12,0.78,3.28,0.24,0.81,NA
hsa-miR-214-3p,5.10,-1.02,1.02,-1.00,0.32,0.73
hsa-miR-214-5p,1.12,2.64,2.01,1.31,0.19,NA
hsa-miR-215-5p,62.60,-0.01,0.28,-0.03,0.98,0.99
hsa-miR-216a-3p,0.00,0.00,0.00,0.00,1.00,NA
hsa-miR-217-5p,0.95,3.02,2.18,1.38,0.17,NA
hsa-miR-218-5p,8.65,-0.70,0.71,-0.98,0.33,0.73
hsa-miR-219a-1-3p,0.15,-1.51,3.27,-0.46,0.65,NA
hsa-miR-219a-2-3p,0.26,-2.29,3.25,-0.71,0.48,NA
hsa-miR-219a-5p,0.44,1.92,3.28,0.59,0.56,NA
hsa-miR-219b-5p,0.58,1.60,3.20,0.50,0.62,NA
hsa-miR-22-3p,213.37,-0.12,0.21,-0.56,0.58,0.91
hsa-miR-22-5p,3.36,-1.76,1.06,-1.66,0.10,NA
hsa-miR-221-3p,451.39,-0.55,0.22,-2.50,0.01,0.15
hsa-miR-221-5p,8.79,-1.37,0.64,-2.14,0.03,0.33
hsa-miR-222-3p,150.88,-0.46,0.24,-1.92,0.05,0.38
hsa-miR-222-5p,0.17,-1.03,3.28,-0.31,0.75,NA
hsa-miR-223-3p,8163.07,0.13,0.23,0.58,0.56,0.91
hsa-miR-223-5p,172.98,0.10,0.24,0.40,0.69,0.92
hsa-miR-224-3p,0.00,NA,NA,NA,NA,NA
hsa-miR-224-5p,250.64,-0.20,0.33,-0.59,0.55,0.91
hsa-miR-2276-3p,0.20,-1.28,3.27,-0.39,0.70,NA
hsa-miR-2277-3p,0.58,0.12,2.37,0.05,0.96,NA
hsa-miR-2277-5p,0.21,1.12,3.28,0.34,0.73,NA
hsa-miR-2278,0.28,1.36,3.28,0.41,0.68,NA
hsa-miR-2355-3p,3.37,-1.26,1.19,-1.06,0.29,NA
hsa-miR-2355-5p,0.16,-1.55,3.27,-0.48,0.63,NA
hsa-miR-2392,0.14,0.78,3.28,0.24,0.81,NA
hsa-miR-23a-3p,1062.63,-0.22,0.13,-1.69,0.09,0.48
hsa-miR-23a-5p,4.25,0.16,0.86,0.18,0.85,NA
hsa-miR-23b-3p,1039.43,-0.21,0.13,-1.60,0.11,0.48
hsa-miR-23b-5p,5.36,1.94,0.96,2.02,0.04,0.35
hsa-miR-23c,249.72,-0.06,0.19,-0.33,0.74,0.95
hsa-miR-24-1-5p,0.08,0.54,3.28,0.17,0.87,NA
hsa-miR-24-2-5p,0.51,-0.37,3.26,-0.11,0.91,NA
hsa-miR-24-3p,524.28,-0.18,0.13,-1.38,0.17,0.58
hsa-miR-25-3p,2063.76,0.28,0.17,1.61,0.11,0.48
hsa-miR-25-5p,20.57,0.52,0.44,1.19,0.23,0.73
hsa-miR-2681-3p,0.00,NA,NA,NA,NA,NA
hsa-miR-26a-1-3p,1.50,-1.06,1.38,-0.77,0.44,NA
hsa-miR-26a-2-3p,3.05,0.03,1.00,0.03,0.98,NA
hsa-miR-26a-5p,8466.53,-0.05,0.11,-0.45,0.66,0.91
hsa-miR-26b-3p,3.96,0.54,1.14,0.47,0.64,NA
hsa-miR-26b-5p,10959.12,0.03,0.10,0.32,0.75,0.95
hsa-miR-27a-3p,783.65,-0.08,0.15,-0.53,0.59,0.91
hsa-miR-27a-5p,23.13,0.47,0.53,0.87,0.38,0.79
hsa-miR-27b-3p,800.34,-0.08,0.15,-0.53,0.60,0.91
hsa-miR-27b-5p,1.26,1.25,2.04,0.62,0.54,NA
hsa-miR-28-3p,152.08,0.20,0.20,0.97,0.33,0.73
hsa-miR-28-5p,9.04,-0.21,0.69,-0.30,0.76,0.95
hsa-miR-2861,0.13,0.78,3.28,0.24,0.81,NA
hsa-miR-296-3p,2.60,1.17,1.29,0.91,0.36,NA
hsa-miR-296-5p,6.49,0.02,0.89,0.02,0.98,0.99
hsa-miR-299-3p,0.30,1.36,3.28,0.41,0.68,NA
hsa-miR-299-5p,0.53,0.27,2.64,0.10,0.92,NA
hsa-miR-29a-3p,880.18,0.30,0.15,2.03,0.04,0.35
hsa-miR-29a-5p,3.70,-1.62,1.32,-1.23,0.22,NA
hsa-miR-29b-1-5p,3.32,0.33,1.08,0.30,0.76,NA
hsa-miR-29b-2-5p,2.76,0.92,1.33,0.69,0.49,NA
hsa-miR-29b-3p,388.39,0.29,0.18,1.64,0.10,0.48
hsa-miR-29c-3p,919.47,0.31,0.14,2.16,0.03,0.32
hsa-miR-29c-5p,12.60,0.10,0.67,0.15,0.88,0.98
hsa-miR-301a-3p,26.49,-0.16,0.36,-0.43,0.67,0.91
hsa-miR-301a-5p,0.81,0.35,2.08,0.17,0.87,NA
hsa-miR-301b-3p,0.41,-1.22,3.26,-0.37,0.71,NA
hsa-miR-3059-3p,0.31,-1.19,3.26,-0.36,0.72,NA
hsa-miR-3064-5p,1.08,1.28,2.20,0.58,0.56,NA
hsa-miR-3065-3p,0.51,2.12,3.25,0.65,0.51,NA
hsa-miR-3065-5p,3.53,-0.60,1.22,-0.49,0.62,NA
hsa-miR-3074-5p,0.97,1.15,2.23,0.52,0.61,NA
hsa-miR-3085-5p,0.00,NA,NA,NA,NA,NA
hsa-miR-30a-3p,131.58,0.02,0.24,0.09,0.93,0.99
hsa-miR-30a-5p,5835.77,-0.02,0.08,-0.23,0.82,0.97
hsa-miR-30b-3p,4.58,0.69,1.18,0.58,0.56,0.91
hsa-miR-30b-5p,52.14,-0.03,0.24,-0.14,0.89,0.98
hsa-miR-30c-1-3p,2.11,0.16,1.26,0.13,0.90,NA
hsa-miR-30c-2-3p,8.99,-0.46,0.82,-0.56,0.57,0.91
hsa-miR-30c-5p,321.19,0.13,0.16,0.83,0.41,0.82
hsa-miR-30d-3p,3.21,1.16,1.14,1.02,0.31,NA
hsa-miR-30d-5p,3650.66,-0.07,0.10,-0.72,0.47,0.84
hsa-miR-30e-3p,124.51,0.04,0.25,0.15,0.88,0.98
hsa-miR-30e-5p,3050.15,0.01,0.11,0.09,0.93,0.99
hsa-miR-31-3p,0.10,-0.15,3.28,-0.05,0.96,NA
hsa-miR-31-5p,4.68,0.30,1.20,0.25,0.80,0.97
hsa-miR-3115,0.31,0.78,3.28,0.24,0.81,NA
hsa-miR-3116,0.12,0.66,3.28,0.20,0.84,NA
hsa-miR-3117-3p,0.42,1.86,3.28,0.57,0.57,NA
hsa-miR-3120-3p,0.11,0.66,3.28,0.20,0.84,NA
hsa-miR-3122,0.51,-1.48,3.20,-0.46,0.64,NA
hsa-miR-3124-5p,0.28,1.36,3.28,0.41,0.68,NA
hsa-miR-3127-5p,0.57,-2.32,2.51,-0.92,0.36,NA
hsa-miR-3129-3p,0.00,NA,NA,NA,NA,NA
hsa-miR-3129-5p,0.00,NA,NA,NA,NA,NA
hsa-miR-3130-3p,0.00,0.00,0.00,0.00,1.00,NA
hsa-miR-3131,0.65,1.40,2.55,0.55,0.58,NA
hsa-miR-3135a,0.14,0.78,3.28,0.24,0.81,NA
hsa-miR-3135b,0.00,NA,NA,NA,NA,NA
hsa-miR-3138,5.63,-0.26,0.98,-0.27,0.79,0.96
hsa-miR-3140-3p,0.31,0.66,2.89,0.23,0.82,NA
hsa-miR-3141,0.36,-1.65,3.25,-0.51,0.61,NA
hsa-miR-3143,1.12,-1.04,2.37,-0.44,0.66,NA
hsa-miR-3144-5p,0.10,-0.96,3.28,-0.29,0.77,NA
hsa-miR-3145-3p,0.22,1.12,3.28,0.34,0.73,NA
hsa-miR-3146,0.16,0.08,3.28,0.03,0.98,NA
hsa-miR-3149,0.23,1.12,3.28,0.34,0.73,NA
hsa-miR-3150b-3p,0.35,1.60,3.28,0.49,0.63,NA
hsa-miR-3151-5p,0.14,0.78,3.28,0.24,0.81,NA
hsa-miR-3154,0.61,-2.36,2.75,-0.86,0.39,NA
hsa-miR-3157-5p,0.98,0.23,2.22,0.10,0.92,NA
hsa-miR-3158-3p,2.43,1.51,1.72,0.88,0.38,NA
hsa-miR-3161,0.21,1.12,3.28,0.34,0.73,NA
hsa-miR-3162-5p,1.69,-1.03,2.29,-0.45,0.65,NA
hsa-miR-3163,1.84,3.96,1.93,2.05,0.04,NA
hsa-miR-3164,0.31,1.49,3.28,0.46,0.65,NA
hsa-miR-3165,0.14,0.78,3.28,0.24,0.81,NA
hsa-miR-3168,11.85,0.25,0.79,0.32,0.75,0.95
hsa-miR-3170,0.24,1.01,3.28,0.31,0.76,NA
hsa-miR-3173-3p,0.32,-1.19,3.26,-0.36,0.72,NA
hsa-miR-3173-5p,9.98,0.87,0.52,1.67,0.10,0.48
hsa-miR-3174,0.37,1.49,3.28,0.46,0.65,NA
hsa-miR-3175,0.00,0.00,0.00,0.00,1.00,NA
hsa-miR-3176,0.39,-2.16,3.25,-0.67,0.51,NA
hsa-miR-3177-3p,0.64,2.46,2.79,0.88,0.38,NA
hsa-miR-3179,0.27,1.36,3.28,0.41,0.68,NA
hsa-miR-3180,0.00,0.00,0.00,0.00,1.00,NA
hsa-miR-3180-3p,0.00,0.00,0.00,0.00,1.00,NA
hsa-miR-3180-5p,0.29,1.49,3.28,0.45,0.65,NA
hsa-miR-3181,0.25,1.12,3.28,0.34,0.73,NA
hsa-miR-3187-3p,0.58,-0.14,2.86,-0.05,0.96,NA
hsa-miR-3187-5p,0.06,0.43,3.28,0.13,0.90,NA
hsa-miR-3188,0.23,-1.11,3.27,-0.34,0.73,NA
hsa-miR-3190-3p,0.08,0.54,3.28,0.17,0.87,NA
hsa-miR-3191-3p,0.34,1.49,3.28,0.46,0.65,NA
hsa-miR-3191-5p,0.05,0.43,3.28,0.13,0.90,NA
hsa-miR-3192-5p,0.24,1.24,3.28,0.38,0.71,NA
hsa-miR-3193,0.03,0.31,3.28,0.10,0.92,NA
hsa-miR-3195,0.05,0.43,3.28,0.13,0.90,NA
hsa-miR-3198,0.09,0.54,3.28,0.17,0.87,NA
hsa-miR-3199,0.32,-2.36,3.25,-0.73,0.47,NA
hsa-miR-32-3p,1.36,0.45,1.74,0.26,0.80,NA
hsa-miR-32-5p,56.04,-0.46,0.29,-1.57,0.12,0.48
hsa-miR-3200-3p,1.25,-0.18,2.02,-0.09,0.93,NA
hsa-miR-3200-5p,0.55,-0.25,2.91,-0.09,0.93,NA
hsa-miR-3202,0.28,1.36,3.28,0.41,0.68,NA
hsa-miR-320a-3p,1147.88,0.12,0.18,0.69,0.49,0.86
hsa-miR-320a-5p,0.14,0.78,3.28,0.24,0.81,NA
hsa-miR-320b,1136.57,0.13,0.18,0.74,0.46,0.84
hsa-miR-320c,157.23,-0.09,0.26,-0.35,0.73,0.95
hsa-miR-320d,110.57,0.06,0.26,0.23,0.82,0.97
hsa-miR-320e,102.20,0.02,0.27,0.07,0.94,0.99
hsa-miR-323a-3p,3.89,-0.29,1.12,-0.25,0.80,NA
hsa-miR-323a-5p,0.33,-1.18,3.27,-0.36,0.72,NA
hsa-miR-323b-3p,7.36,1.35,1.09,1.24,0.22,0.69
hsa-miR-324-3p,7.97,0.70,0.80,0.87,0.38,0.79
hsa-miR-324-5p,34.26,0.37,0.30,1.24,0.21,0.69
hsa-miR-326,0.48,-2.79,3.19,-0.87,0.38,NA
hsa-miR-328-3p,110.54,-0.27,0.17,-1.55,0.12,0.48
hsa-miR-328-5p,0.29,1.49,3.28,0.45,0.65,NA
hsa-miR-329-3p,3.35,1.90,1.54,1.24,0.22,NA
hsa-miR-329-5p,0.33,0.78,3.19,0.25,0.81,NA
hsa-miR-330-3p,2.66,-1.43,1.15,-1.24,0.21,NA
hsa-miR-330-5p,2.82,-0.62,1.17,-0.53,0.60,NA
hsa-miR-331-3p,5.48,0.20,0.86,0.23,0.81,0.97
hsa-miR-331-5p,0.33,1.61,3.28,0.49,0.62,NA
hsa-miR-335-3p,12.36,-1.25,0.80,-1.55,0.12,0.48
hsa-miR-335-5p,148.53,-0.19,0.26,-0.75,0.45,0.84
hsa-miR-337-3p,0.29,0.66,3.28,0.20,0.84,NA
hsa-miR-337-5p,5.53,1.69,1.22,1.39,0.17,0.58
hsa-miR-338-3p,37.32,-0.39,0.40,-0.98,0.33,0.73
hsa-miR-338-5p,0.17,-1.63,3.27,-0.50,0.62,NA
hsa-miR-339-3p,17.07,0.52,0.53,0.98,0.33,0.73
hsa-miR-339-5p,132.08,0.13,0.26,0.49,0.62,0.91
hsa-miR-33a-3p,0.03,0.31,3.28,0.10,0.92,NA
hsa-miR-33a-5p,4.92,-1.52,0.99,-1.54,0.12,0.48
hsa-miR-33b-5p,0.51,0.04,3.27,0.01,0.99,NA
hsa-miR-340-3p,3.53,-0.49,1.01,-0.48,0.63,NA
hsa-miR-340-5p,64.05,-0.63,0.31,-2.02,0.04,0.35
hsa-miR-342-3p,6717.83,0.50,0.19,2.68,0.01,0.11
hsa-miR-342-5p,49.60,0.68,0.33,2.04,0.04,0.35
hsa-miR-345-3p,0.00,NA,NA,NA,NA,NA
hsa-miR-345-5p,3.20,0.49,1.07,0.46,0.65,NA
hsa-miR-34a-3p,0.00,NA,NA,NA,NA,NA
hsa-miR-34a-5p,16.26,-0.77,0.50,-1.54,0.12,0.48
hsa-miR-34b-3p,1.20,0.50,2.02,0.25,0.81,NA
hsa-miR-34b-5p,0.26,1.24,3.28,0.38,0.71,NA
hsa-miR-34c-3p,0.96,0.65,2.23,0.29,0.77,NA
hsa-miR-34c-5p,1.05,-1.95,1.96,-1.00,0.32,NA
hsa-miR-3529-5p,0.21,1.12,3.28,0.34,0.73,NA
hsa-miR-3605-3p,14.16,0.39,0.57,0.68,0.50,0.86
hsa-miR-3605-5p,2.30,-0.96,1.23,-0.78,0.44,NA
hsa-miR-3609,0.00,NA,NA,NA,NA,NA
hsa-miR-361-3p,179.17,0.22,0.20,1.08,0.28,0.73
hsa-miR-361-5p,142.57,-0.09,0.20,-0.45,0.65,0.91
hsa-miR-3611,0.21,1.01,3.28,0.31,0.76,NA
hsa-miR-3613-3p,0.86,0.71,2.09,0.34,0.73,NA
hsa-miR-3613-5p,195.86,-0.42,0.27,-1.56,0.12,0.48
hsa-miR-3614-3p,0.30,1.48,3.28,0.45,0.65,NA
hsa-miR-3614-5p,2.52,2.48,1.17,2.13,0.03,NA
hsa-miR-3615,72.10,0.21,0.25,0.82,0.41,0.82
hsa-miR-3617-5p,0.50,1.40,2.64,0.53,0.60,NA
hsa-miR-362-3p,0.48,-1.81,3.25,-0.56,0.58,NA
hsa-miR-362-5p,8.21,-1.02,0.68,-1.49,0.14,0.53
hsa-miR-3620-3p,0.03,0.31,3.28,0.10,0.92,NA
hsa-miR-3620-5p,0.35,1.57,3.28,0.48,0.63,NA
hsa-miR-3622a-5p,0.22,-2.03,3.26,-0.62,0.53,NA
hsa-miR-363-3p,111.47,0.08,0.21,0.39,0.70,0.92
hsa-miR-363-5p,0.06,0.43,3.28,0.13,0.90,NA
hsa-miR-3652,0.15,-1.46,3.27,-0.45,0.66,NA
hsa-miR-365a-3p,12.67,0.07,0.55,0.13,0.90,0.98
hsa-miR-365a-5p,1.29,0.41,1.88,0.22,0.83,NA
hsa-miR-365b-3p,12.67,0.07,0.55,0.13,0.90,0.98
hsa-miR-365b-5p,0.75,2.68,2.06,1.30,0.19,NA
hsa-miR-3664-3p,0.00,NA,NA,NA,NA,NA
hsa-miR-3665,0.16,-1.55,3.27,-0.48,0.63,NA
hsa-miR-3666,0.19,1.01,3.28,0.31,0.76,NA
hsa-miR-3667-5p,0.53,-2.01,3.17,-0.63,0.53,NA
hsa-miR-3675-5p,0.12,-1.26,3.28,-0.39,0.70,NA
hsa-miR-3679-5p,2.57,1.08,1.51,0.72,0.47,NA
hsa-miR-3680-3p,0.05,0.43,3.28,0.13,0.90,NA
hsa-miR-3680-5p,0.14,0.78,3.28,0.24,0.81,NA
hsa-miR-3682-3p,0.53,2.17,3.22,0.68,0.50,NA
hsa-miR-3683,0.12,-1.26,3.28,-0.39,0.70,NA
hsa-miR-3684,0.15,0.78,3.28,0.24,0.81,NA
hsa-miR-3686,0.18,-1.77,3.26,-0.54,0.59,NA
hsa-miR-3688-3p,1.47,0.66,1.51,0.44,0.66,NA
hsa-miR-3689f,0.12,0.66,3.28,0.20,0.84,NA
hsa-miR-369-3p,4.93,-0.87,1.21,-0.72,0.47,0.84
hsa-miR-369-5p,20.21,0.64,0.65,0.98,0.33,0.73
hsa-miR-370-3p,25.80,-0.17,0.57,-0.29,0.77,0.95
hsa-miR-370-5p,0.00,NA,NA,NA,NA,NA
hsa-miR-371b-5p,0.05,0.43,3.28,0.13,0.90,NA
hsa-miR-373-3p,0.42,1.86,3.28,0.57,0.57,NA
hsa-miR-374a-3p,17.63,-0.18,0.56,-0.32,0.75,0.95
hsa-miR-374a-5p,113.60,-0.30,0.29,-1.01,0.31,0.73
hsa-miR-374b-3p,2.36,0.64,1.35,0.47,0.64,NA
hsa-miR-374b-5p,20.08,-0.36,0.45,-0.80,0.43,0.82
hsa-miR-374c-3p,0.00,NA,NA,NA,NA,NA
hsa-miR-374c-5p,0.21,1.01,3.28,0.31,0.76,NA
hsa-miR-375-3p,15.89,-0.87,0.62,-1.40,0.16,0.58
hsa-miR-376a-2-5p,0.08,0.54,3.28,0.17,0.87,NA
hsa-miR-376a-3p,3.26,-1.66,1.35,-1.22,0.22,NA
hsa-miR-376a-5p,0.08,0.54,3.28,0.17,0.87,NA
hsa-miR-376b-3p,2.83,-1.26,1.46,-0.86,0.39,NA
hsa-miR-376b-5p,0.15,-1.46,3.27,-0.45,0.66,NA
hsa-miR-376c-3p,4.56,-0.62,1.45,-0.43,0.67,0.91
hsa-miR-376c-5p,0.15,-1.46,3.27,-0.45,0.66,NA
hsa-miR-377-3p,2.40,1.70,1.84,0.92,0.36,NA
hsa-miR-377-5p,0.21,1.12,3.28,0.34,0.73,NA
hsa-miR-378a-3p,39.61,0.00,0.39,0.00,1.00,1.00
hsa-miR-378a-5p,2.90,1.26,1.42,0.89,0.37,NA
hsa-miR-378b,0.03,0.31,3.28,0.10,0.92,NA
hsa-miR-378c,34.38,0.04,0.41,0.09,0.92,0.99
hsa-miR-378d,2.32,-1.27,1.20,-1.06,0.29,NA
hsa-miR-378e,0.10,0.66,3.28,0.20,0.84,NA
hsa-miR-378f,2.77,-0.80,1.10,-0.73,0.47,NA
hsa-miR-378g,2.10,-1.56,1.26,-1.23,0.22,NA
hsa-miR-378h,0.03,0.31,3.28,0.10,0.92,NA
hsa-miR-378i,34.76,0.06,0.41,0.15,0.88,0.98
hsa-miR-378j,0.11,0.66,3.28,0.20,0.84,NA
hsa-miR-379-5p,58.80,0.04,0.60,0.07,0.94,0.99
hsa-miR-380-3p,0.00,NA,NA,NA,NA,NA
hsa-miR-380-5p,0.12,-1.26,3.28,-0.39,0.70,NA
hsa-miR-381-3p,29.87,0.08,0.65,0.13,0.90,0.98
hsa-miR-382-3p,0.80,0.83,2.28,0.37,0.71,NA
hsa-miR-382-5p,296.26,0.40,0.49,0.81,0.42,0.82
hsa-miR-383-5p,0.04,-0.38,3.28,-0.12,0.91,NA
hsa-miR-3907,0.08,0.43,3.28,0.13,0.90,NA
hsa-miR-3909,0.34,1.60,3.28,0.49,0.63,NA
hsa-miR-3912-3p,0.12,0.78,3.28,0.24,0.81,NA
hsa-miR-3912-5p,0.36,-2.52,3.24,-0.78,0.44,NA
hsa-miR-3913-5p,2.86,1.49,1.26,1.18,0.24,NA
hsa-miR-3914,0.17,1.12,3.28,0.34,0.73,NA
hsa-miR-3916,0.06,0.54,3.28,0.17,0.87,NA
hsa-miR-3920,0.12,0.78,3.28,0.24,0.81,NA
hsa-miR-3921,0.14,0.78,3.28,0.24,0.81,NA
hsa-miR-3923,0.15,-1.46,3.27,-0.45,0.66,NA
hsa-miR-3928-3p,0.54,-1.13,2.88,-0.39,0.69,NA
hsa-miR-3934-5p,0.24,1.24,3.28,0.38,0.71,NA
hsa-miR-3937,0.04,-0.38,3.28,-0.12,0.91,NA
hsa-miR-3939,0.12,0.66,3.28,0.20,0.84,NA
hsa-miR-3940-3p,1.31,1.18,1.73,0.68,0.50,NA
hsa-miR-3940-5p,0.32,-2.07,3.25,-0.64,0.52,NA
hsa-miR-3960,0.68,-0.71,2.51,-0.28,0.78,NA
hsa-miR-3976,0.72,-2.88,2.92,-0.99,0.32,NA
hsa-miR-409-3p,241.83,0.27,0.55,0.50,0.62,0.91
hsa-miR-409-5p,2.90,0.35,1.42,0.25,0.80,NA
hsa-miR-410-3p,0.06,0.54,3.28,0.17,0.87,NA
hsa-miR-410-5p,0.14,0.66,3.28,0.20,0.84,NA
hsa-miR-411-5p,19.21,0.36,0.62,0.58,0.56,0.91
hsa-miR-412-5p,3.16,0.66,1.25,0.53,0.60,NA
hsa-miR-421,18.51,1.47,0.49,3.02,0.00,0.07
hsa-miR-423-3p,202.44,-0.40,0.25,-1.62,0.10,0.48
hsa-miR-423-5p,5049.18,-0.04,0.17,-0.22,0.82,0.97
hsa-miR-424-3p,2.47,0.48,1.44,0.33,0.74,NA
hsa-miR-424-5p,17.03,0.06,0.45,0.13,0.89,0.98
hsa-miR-425-3p,23.53,0.06,0.45,0.13,0.89,0.98
hsa-miR-425-5p,737.82,-0.44,0.21,-2.13,0.03,0.33
hsa-miR-4257,0.15,-1.51,3.27,-0.46,0.65,NA
hsa-miR-4259,0.97,-0.75,1.87,-0.40,0.69,NA
hsa-miR-4273,0.09,0.54,3.28,0.17,0.87,NA
hsa-miR-4279,0.12,0.66,3.28,0.20,0.84,NA
hsa-miR-4281,0.13,0.78,3.28,0.24,0.81,NA
hsa-miR-4286,1.02,3.13,1.85,1.70,0.09,NA
hsa-miR-4288,0.03,0.31,3.28,0.10,0.92,NA
hsa-miR-429,2.58,-0.70,1.32,-0.53,0.59,NA
hsa-miR-4301,0.21,1.23,3.28,0.37,0.71,NA
hsa-miR-4302,0.13,0.78,3.28,0.24,0.81,NA
hsa-miR-4306,2.97,-1.29,1.37,-0.94,0.35,NA
hsa-miR-431-3p,0.72,2.63,2.25,1.17,0.24,NA
hsa-miR-431-5p,55.39,-0.02,0.51,-0.04,0.96,0.99
hsa-miR-4311,0.54,0.79,2.62,0.30,0.76,NA
hsa-miR-4314,0.00,0.00,0.00,0.00,1.00,NA
hsa-miR-432-5p,247.76,-0.03,0.51,-0.05,0.96,0.99
hsa-miR-4322,0.14,0.78,3.28,0.24,0.81,NA
hsa-miR-4324,0.00,0.00,0.00,0.00,1.00,NA
hsa-miR-4326,2.13,-1.75,1.28,-1.37,0.17,NA
hsa-miR-433-3p,0.57,0.23,2.89,0.08,0.94,NA
hsa-miR-4421,0.00,NA,NA,NA,NA,NA
hsa-miR-4426,0.00,NA,NA,NA,NA,NA
hsa-miR-4428,0.20,1.01,3.28,0.31,0.76,NA
hsa-miR-4429,56.22,0.42,0.39,1.07,0.28,0.73
hsa-miR-4433a-5p,1.02,-0.05,1.87,-0.03,0.98,NA
hsa-miR-4433b-3p,6.45,-0.25,1.05,-0.24,0.81,0.97
hsa-miR-4433b-5p,332.10,-0.99,0.40,-2.46,0.01,0.16
hsa-miR-4435,0.63,-0.86,2.30,-0.37,0.71,NA
hsa-miR-4436a,0.12,0.66,3.28,0.20,0.84,NA
hsa-miR-4436b-3p,0.40,1.80,3.28,0.55,0.58,NA
hsa-miR-4446-3p,3.46,0.40,1.08,0.37,0.71,NA
hsa-miR-4447,0.24,1.01,3.28,0.31,0.76,NA
hsa-miR-4448,0.06,0.54,3.28,0.17,0.87,NA
hsa-miR-4449,0.11,0.66,3.28,0.20,0.84,NA
hsa-miR-4450,0.00,0.00,0.00,0.00,1.00,NA
hsa-miR-4451,0.08,0.54,3.28,0.17,0.87,NA
hsa-miR-4454,0.48,-0.60,2.65,-0.23,0.82,NA
hsa-miR-4457,0.08,0.54,3.28,0.17,0.87,NA
hsa-miR-4462,0.14,0.78,3.28,0.24,0.81,NA
hsa-miR-4466,0.63,0.27,2.57,0.11,0.92,NA
hsa-miR-4467,1.37,0.74,2.17,0.34,0.73,NA
hsa-miR-4473,0.14,0.78,3.28,0.24,0.81,NA
hsa-miR-4477b,0.39,1.70,3.28,0.52,0.60,NA
hsa-miR-4479,0.00,0.00,0.00,0.00,1.00,NA
hsa-miR-4482-3p,0.03,0.31,3.28,0.10,0.92,NA
hsa-miR-4484,0.26,1.33,3.28,0.40,0.69,NA
hsa-miR-4485-3p,0.10,-0.96,3.28,-0.29,0.77,NA
hsa-miR-4485-5p,0.00,NA,NA,NA,NA,NA
hsa-miR-4487,0.20,1.01,3.28,0.31,0.76,NA
hsa-miR-4489,0.39,1.76,3.28,0.54,0.59,NA
hsa-miR-4490,0.17,-1.53,3.27,-0.47,0.64,NA
hsa-miR-4492,1.51,-0.92,1.60,-0.57,0.57,NA
hsa-miR-4497,0.00,NA,NA,NA,NA,NA
hsa-miR-4499,0.12,0.66,3.28,0.20,0.84,NA
hsa-miR-449a,0.34,-2.06,3.25,-0.63,0.53,NA
hsa-miR-4500,4.80,-1.22,1.06,-1.15,0.25,0.73
hsa-miR-4504,0.08,0.54,3.28,0.17,0.87,NA
hsa-miR-4505,0.06,0.54,3.28,0.17,0.87,NA
hsa-miR-4507,0.05,0.43,3.28,0.13,0.90,NA
hsa-miR-4508,2.24,-0.23,1.34,-0.17,0.86,NA
hsa-miR-450a-1-3p,0.14,0.78,3.28,0.24,0.81,NA
hsa-miR-450a-2-3p,0.03,0.31,3.28,0.10,0.92,NA
hsa-miR-450a-5p,0.80,2.12,2.25,0.94,0.35,NA
hsa-miR-450b-3p,0.00,NA,NA,NA,NA,NA
hsa-miR-450b-5p,6.91,-0.69,0.86,-0.80,0.42,0.82
hsa-miR-4510,0.60,2.36,2.32,1.02,0.31,NA
hsa-miR-4516,2.14,-0.92,1.17,-0.79,0.43,NA
hsa-miR-451a,2191.09,-0.01,0.23,-0.05,0.96,0.99
hsa-miR-451b,0.23,1.12,3.28,0.34,0.73,NA
hsa-miR-452-5p,4.73,-0.47,1.06,-0.44,0.66,0.91
hsa-miR-4521,0.00,NA,NA,NA,NA,NA
hsa-miR-4524a-3p,0.18,-1.77,3.26,-0.54,0.59,NA
hsa-miR-4525,0.10,0.54,3.28,0.17,0.87,NA
hsa-miR-4526,0.25,1.24,3.28,0.38,0.71,NA
hsa-miR-4529-3p,0.26,-1.42,3.26,-0.44,0.66,NA
hsa-miR-4530,0.05,0.43,3.28,0.13,0.90,NA
hsa-miR-4533,0.12,-1.26,3.28,-0.39,0.70,NA
hsa-miR-4534,0.79,-2.28,2.62,-0.87,0.38,NA
hsa-miR-4536-5p,0.03,0.31,3.28,0.10,0.92,NA
hsa-miR-4538,0.06,0.54,3.28,0.17,0.87,NA
hsa-miR-454-3p,485.20,-0.02,0.14,-0.17,0.86,0.98
hsa-miR-454-5p,4.62,0.47,1.07,0.44,0.66,0.91
hsa-miR-455-3p,0.23,1.12,3.28,0.34,0.73,NA
hsa-miR-455-5p,3.39,0.35,1.14,0.30,0.76,NA
hsa-miR-4632-3p,0.54,2.20,2.87,0.77,0.44,NA
hsa-miR-4632-5p,0.35,-0.71,3.17,-0.23,0.82,NA
hsa-miR-4639-5p,0.05,0.43,3.28,0.13,0.90,NA
hsa-miR-4642,0.10,-0.96,3.28,-0.29,0.77,NA
hsa-miR-4643,0.00,NA,NA,NA,NA,NA
hsa-miR-4644,0.38,1.63,3.28,0.50,0.62,NA
hsa-miR-4645-3p,0.30,-0.82,3.27,-0.25,0.80,NA
hsa-miR-4646-5p,0.09,0.54,3.28,0.17,0.87,NA
hsa-miR-4651,0.27,1.24,3.28,0.38,0.71,NA
hsa-miR-4652-3p,0.24,1.01,3.28,0.31,0.76,NA
hsa-miR-4652-5p,0.10,-0.96,3.28,-0.29,0.77,NA
hsa-miR-4653-3p,0.28,1.36,3.28,0.41,0.68,NA
hsa-miR-4654,0.56,2.26,3.19,0.71,0.48,NA
hsa-miR-4655-5p,0.24,1.35,3.28,0.41,0.68,NA
hsa-miR-4656,0.28,-1.09,3.27,-0.33,0.74,NA
hsa-miR-4658,0.05,0.43,3.28,0.13,0.90,NA
hsa-miR-4659a-3p,0.44,-2.62,3.24,-0.81,0.42,NA
hsa-miR-4659b-3p,0.34,-1.69,3.15,-0.54,0.59,NA
hsa-miR-4659b-5p,0.12,-1.26,3.28,-0.39,0.70,NA
hsa-miR-4660,0.05,0.43,3.28,0.13,0.90,NA
hsa-miR-4661-5p,0.05,0.43,3.28,0.13,0.90,NA
hsa-miR-4662a-5p,0.97,-0.87,2.02,-0.43,0.66,NA
hsa-miR-4663,0.20,1.01,3.28,0.31,0.76,NA
hsa-miR-4664-5p,0.08,0.54,3.28,0.17,0.87,NA
hsa-miR-4665-5p,0.44,-3.04,2.86,-1.06,0.29,NA
hsa-miR-4667-3p,0.27,1.24,3.28,0.38,0.71,NA
hsa-miR-4667-5p,0.00,0.00,0.00,0.00,1.00,NA
hsa-miR-4668-3p,0.00,NA,NA,NA,NA,NA
hsa-miR-4668-5p,0.29,-0.03,2.97,-0.01,0.99,NA
hsa-miR-4669,0.99,0.33,1.90,0.18,0.86,NA
hsa-miR-4672,0.00,0.00,0.00,0.00,1.00,NA
hsa-miR-4673,0.31,1.49,3.28,0.45,0.65,NA
hsa-miR-4676-3p,0.23,-1.16,3.27,-0.35,0.72,NA
hsa-miR-4677-3p,0.30,-0.95,3.27,-0.29,0.77,NA
hsa-miR-4677-5p,0.00,NA,NA,NA,NA,NA
hsa-miR-4678,0.05,0.43,3.28,0.13,0.90,NA
hsa-miR-4683,0.28,1.36,3.28,0.41,0.68,NA
hsa-miR-4685-3p,1.05,-2.17,1.93,-1.12,0.26,NA
hsa-miR-4685-5p,0.30,1.36,3.28,0.41,0.68,NA
hsa-miR-4687-3p,0.14,0.78,3.28,0.24,0.81,NA
hsa-miR-4687-5p,0.58,2.31,2.84,0.81,0.42,NA
hsa-miR-4688,0.24,-1.21,3.27,-0.37,0.71,NA
hsa-miR-4697-3p,1.02,3.12,3.16,0.99,0.32,NA
hsa-miR-4701-3p,0.41,-0.63,3.27,-0.19,0.85,NA
hsa-miR-4706,0.50,2.09,2.92,0.72,0.47,NA
hsa-miR-4707-5p,0.40,1.80,3.28,0.55,0.58,NA
hsa-miR-4710,1.97,1.43,1.84,0.78,0.44,NA
hsa-miR-4713-3p,0.12,0.54,3.28,0.17,0.87,NA
hsa-miR-4714-3p,0.32,1.48,3.21,0.46,0.64,NA
hsa-miR-4714-5p,0.05,0.43,3.28,0.13,0.90,NA
hsa-miR-4715-5p,0.06,0.54,3.28,0.17,0.87,NA
hsa-miR-4716-3p,0.19,1.01,3.28,0.31,0.76,NA
hsa-miR-4717-3p,0.14,0.78,3.28,0.24,0.81,NA
hsa-miR-4721,0.24,-1.16,3.27,-0.35,0.72,NA
hsa-miR-4722-5p,0.12,0.66,3.28,0.20,0.84,NA
hsa-miR-4725-3p,0.12,0.66,3.28,0.20,0.84,NA
hsa-miR-4726-5p,0.03,0.31,3.28,0.10,0.92,NA
hsa-miR-4728-3p,0.27,1.36,3.28,0.41,0.68,NA
hsa-miR-4731-5p,0.05,0.43,3.28,0.13,0.90,NA
hsa-miR-4732-3p,54.21,0.97,0.36,2.70,0.01,0.10
hsa-miR-4732-5p,90.97,0.63,0.29,2.22,0.03,0.28
hsa-miR-4734,0.16,-1.55,3.27,-0.48,0.63,NA
hsa-miR-4737,0.71,2.61,2.73,0.96,0.34,NA
hsa-miR-4738-3p,0.20,1.01,3.28,0.31,0.76,NA
hsa-miR-4741,0.11,0.66,3.28,0.20,0.84,NA
hsa-miR-4742-3p,1.65,-0.29,1.60,-0.18,0.86,NA
hsa-miR-4743-5p,0.19,1.01,3.28,0.31,0.76,NA
hsa-miR-4745-3p,0.16,0.89,3.28,0.27,0.79,NA
hsa-miR-4745-5p,0.36,0.50,3.28,0.15,0.88,NA
hsa-miR-4746-5p,0.13,-1.34,3.28,-0.41,0.68,NA
hsa-miR-4747-5p,0.70,-2.44,2.97,-0.82,0.41,NA
hsa-miR-4748,0.32,1.36,3.28,0.41,0.68,NA
hsa-miR-4749-5p,0.05,0.43,3.28,0.13,0.90,NA
hsa-miR-4750-5p,0.51,-0.76,3.26,-0.23,0.82,NA
hsa-miR-4753-5p,0.05,0.43,3.28,0.13,0.90,NA
hsa-miR-4754,0.03,0.31,3.28,0.10,0.92,NA
hsa-miR-4755-5p,0.40,0.95,3.06,0.31,0.76,NA
hsa-miR-4762-5p,0.18,0.89,3.28,0.27,0.79,NA
hsa-miR-4763-3p,0.12,0.66,3.28,0.20,0.84,NA
hsa-miR-4764-5p,0.04,-0.38,3.28,-0.12,0.91,NA
hsa-miR-4765,0.12,0.66,3.28,0.20,0.84,NA
hsa-miR-4766-3p,0.42,-0.60,3.27,-0.18,0.85,NA
hsa-miR-4766-5p,0.39,-0.92,3.27,-0.28,0.78,NA
hsa-miR-4767,0.11,0.78,3.28,0.24,0.81,NA
hsa-miR-4769-5p,0.03,0.31,3.28,0.10,0.92,NA
hsa-miR-4770,0.18,0.89,3.28,0.27,0.79,NA
hsa-miR-4772-3p,1.05,-1.49,1.83,-0.81,0.42,NA
hsa-miR-4772-5p,0.15,-0.61,3.28,-0.19,0.85,NA
hsa-miR-4773,0.10,0.54,3.28,0.17,0.87,NA
hsa-miR-4775,0.30,1.48,3.28,0.45,0.65,NA
hsa-miR-4778-5p,0.21,1.01,3.28,0.31,0.76,NA
hsa-miR-4779,0.12,0.66,3.28,0.20,0.84,NA
hsa-miR-4781-3p,0.15,0.78,3.28,0.24,0.81,NA
hsa-miR-4783-3p,0.05,0.43,3.28,0.13,0.90,NA
hsa-miR-4787-5p,0.12,-1.26,3.28,-0.39,0.70,NA
hsa-miR-4789-3p,0.33,0.14,3.28,0.04,0.97,NA
hsa-miR-4793-3p,0.09,0.54,3.28,0.17,0.87,NA
hsa-miR-4797-3p,0.00,0.00,0.00,0.00,1.00,NA
hsa-miR-4800-3p,0.11,0.66,3.28,0.20,0.84,NA
hsa-miR-4800-5p,0.60,2.36,3.27,0.72,0.47,NA
hsa-miR-4802-5p,0.09,0.54,3.28,0.17,0.87,NA
hsa-miR-483-3p,145.97,-0.07,0.26,-0.27,0.79,0.96
hsa-miR-483-5p,266.12,-0.20,0.21,-0.97,0.33,0.73
hsa-miR-484,93.88,0.42,0.36,1.15,0.25,0.73
hsa-miR-485-3p,60.95,0.76,0.72,1.07,0.29,0.73
hsa-miR-485-5p,12.11,-0.19,0.90,-0.22,0.83,0.97
hsa-miR-486-3p,45.45,0.37,0.49,0.75,0.45,0.84
hsa-miR-486-5p,16562.66,0.25,0.25,0.99,0.32,0.73
hsa-miR-487a-3p,0.56,-2.78,3.09,-0.90,0.37,NA
hsa-miR-487a-5p,0.36,-0.22,3.28,-0.07,0.95,NA
hsa-miR-487b-3p,1.34,1.50,1.87,0.80,0.42,NA
hsa-miR-487b-5p,0.58,-1.03,2.87,-0.36,0.72,NA
hsa-miR-489-3p,0.37,1.73,3.28,0.53,0.60,NA
hsa-miR-490-3p,0.15,-1.51,3.27,-0.46,0.65,NA
hsa-miR-490-5p,0.15,0.89,3.28,0.27,0.79,NA
hsa-miR-491-5p,5.17,0.16,1.02,0.15,0.88,0.98
hsa-miR-493-3p,7.84,0.44,0.98,0.45,0.65,0.91
hsa-miR-493-5p,10.82,-0.64,0.93,-0.69,0.49,0.86
hsa-miR-494-3p,7.38,0.52,1.05,0.49,0.62,0.91
hsa-miR-494-5p,0.03,0.31,3.28,0.10,0.92,NA
hsa-miR-495-3p,0.59,-0.98,2.33,-0.42,0.68,NA
hsa-miR-495-5p,0.48,2.05,3.28,0.63,0.53,NA
hsa-miR-496,0.04,-0.38,3.28,-0.12,0.91,NA
hsa-miR-497-3p,0.12,-0.03,3.28,-0.01,0.99,NA
hsa-miR-497-5p,5.96,-0.99,0.69,-1.42,0.15,0.57
hsa-miR-4999-5p,1.58,1.74,1.87,0.93,0.35,NA
hsa-miR-499a-5p,2.54,0.99,1.21,0.82,0.41,NA
hsa-miR-5001-3p,0.58,-0.20,2.86,-0.07,0.95,NA
hsa-miR-5003-3p,0.06,0.54,3.28,0.17,0.87,NA
hsa-miR-5009-5p,0.66,2.50,2.29,1.09,0.28,NA
hsa-miR-500a-3p,24.61,0.74,0.51,1.44,0.15,0.56
hsa-miR-500a-5p,1.96,0.16,1.61,0.10,0.92,NA
hsa-miR-500b-5p,1.70,-0.12,1.73,-0.07,0.94,NA
hsa-miR-501-3p,18.41,0.75,0.48,1.57,0.12,0.48
hsa-miR-501-5p,0.88,-0.40,2.06,-0.19,0.85,NA
hsa-miR-5010-3p,0.62,-1.35,2.80,-0.48,0.63,NA
hsa-miR-5010-5p,5.19,0.27,0.89,0.31,0.76,0.95
hsa-miR-502-3p,16.38,1.18,0.63,1.89,0.06,0.40
hsa-miR-502-5p,0.00,0.00,0.00,0.00,1.00,NA
hsa-miR-503-3p,1.30,2.84,1.62,1.76,0.08,NA
hsa-miR-503-5p,3.90,0.48,1.18,0.41,0.68,NA
hsa-miR-504-5p,1.93,2.82,1.44,1.96,0.05,NA
hsa-miR-505-3p,8.07,1.09,0.70,1.56,0.12,0.48
hsa-miR-505-5p,25.50,0.20,0.36,0.54,0.59,0.91
hsa-miR-506-3p,0.12,0.66,3.28,0.20,0.84,NA
hsa-miR-508-3p,2.20,0.90,1.73,0.52,0.60,NA
hsa-miR-5088-5p,0.05,0.43,3.28,0.13,0.90,NA
hsa-miR-5089-5p,0.17,-1.53,3.27,-0.47,0.64,NA
hsa-miR-509-3p,2.45,1.48,1.52,0.97,0.33,NA
hsa-miR-5090,1.86,3.98,2.23,1.79,0.07,NA
hsa-miR-5094,0.08,0.54,3.28,0.17,0.87,NA
hsa-miR-510-3p,0.13,0.66,3.28,0.20,0.84,NA
hsa-miR-511-3p,0.00,0.00,0.00,0.00,1.00,NA
hsa-miR-511-5p,0.28,1.36,3.28,0.41,0.68,NA
hsa-miR-513a-5p,0.00,NA,NA,NA,NA,NA
hsa-miR-513b-3p,0.24,1.35,3.28,0.41,0.68,NA
hsa-miR-513b-5p,0.00,NA,NA,NA,NA,NA
hsa-miR-513c-5p,0.24,-1.41,3.27,-0.43,0.67,NA
hsa-miR-514a-3p,0.89,-3.50,2.19,-1.60,0.11,NA
hsa-miR-515-5p,0.05,0.43,3.28,0.13,0.90,NA
hsa-miR-516a-5p,0.90,-1.39,2.64,-0.52,0.60,NA
hsa-miR-516b-5p,0.25,1.24,3.28,0.38,0.71,NA
hsa-miR-517a-3p,0.13,-0.03,3.28,-0.01,0.99,NA
hsa-miR-517b-3p,0.13,-0.03,3.28,-0.01,0.99,NA
hsa-miR-517c-3p,0.13,-0.03,3.28,-0.01,0.99,NA
hsa-miR-5187-5p,3.67,0.52,1.14,0.46,0.65,NA
hsa-miR-5189-3p,0.17,0.78,3.28,0.24,0.81,NA
hsa-miR-5189-5p,1.57,-0.49,1.83,-0.27,0.79,NA
hsa-miR-518a-3p,0.04,-0.38,3.28,-0.12,0.91,NA
hsa-miR-518b,1.85,2.25,1.63,1.38,0.17,NA
hsa-miR-518c-3p,0.36,1.69,3.14,0.54,0.59,NA
hsa-miR-518d-5p,0.30,-0.15,3.28,-0.05,0.96,NA
hsa-miR-518e-3p,0.03,0.31,3.28,0.10,0.92,NA
hsa-miR-518e-5p,0.45,0.52,3.28,0.16,0.87,NA
hsa-miR-518f-3p,1.87,-2.68,1.85,-1.44,0.15,NA
hsa-miR-5192,0.07,0.43,3.28,0.13,0.90,NA
hsa-miR-5193,0.75,1.36,2.28,0.59,0.55,NA
hsa-miR-5194,0.00,0.00,0.00,0.00,1.00,NA
hsa-miR-5195-3p,0.08,0.54,3.28,0.17,0.87,NA
hsa-miR-5196-3p,0.78,2.75,2.23,1.23,0.22,NA
hsa-miR-5196-5p,0.40,1.71,3.28,0.52,0.60,NA
hsa-miR-5197-3p,0.39,-0.36,3.27,-0.11,0.91,NA
hsa-miR-519a-2-5p,0.30,-0.15,3.28,-0.05,0.96,NA
hsa-miR-519a-3p,0.00,0.00,0.00,0.00,1.00,NA
hsa-miR-519a-5p,0.45,0.52,3.28,0.16,0.87,NA
hsa-miR-519b-3p,0.00,NA,NA,NA,NA,NA
hsa-miR-519b-5p,0.45,0.52,3.28,0.16,0.87,NA
hsa-miR-519c-3p,0.14,0.78,3.28,0.24,0.81,NA
hsa-miR-519c-5p,0.45,0.52,3.28,0.16,0.87,NA
hsa-miR-519d-3p,0.10,-0.96,3.28,-0.29,0.77,NA
hsa-miR-519e-3p,0.00,0.00,0.00,0.00,1.00,NA
hsa-miR-520a-3p,0.13,0.78,3.28,0.24,0.81,NA
hsa-miR-520b-5p,0.30,-0.15,3.28,-0.05,0.96,NA
hsa-miR-520c-3p,0.00,NA,NA,NA,NA,NA
hsa-miR-520c-5p,0.30,-0.15,3.28,-0.05,0.96,NA
hsa-miR-520f-3p,0.00,NA,NA,NA,NA,NA
hsa-miR-520f-5p,0.30,-0.15,3.28,-0.05,0.96,NA
hsa-miR-520g-3p,0.10,-0.96,3.28,-0.29,0.77,NA
hsa-miR-520g-5p,0.03,0.31,3.28,0.10,0.92,NA
hsa-miR-520h,0.10,-0.96,3.28,-0.29,0.77,NA
hsa-miR-522-5p,0.45,0.52,3.28,0.16,0.87,NA
hsa-miR-523-3p,0.14,0.78,3.28,0.24,0.81,NA
hsa-miR-523-5p,0.45,0.52,3.28,0.16,0.87,NA
hsa-miR-526a-5p,0.30,-0.15,3.28,-0.05,0.96,NA
hsa-miR-532-3p,16.33,0.93,0.48,1.92,0.05,0.38
hsa-miR-532-5p,57.66,0.57,0.35,1.64,0.10,0.48
hsa-miR-539-3p,0.47,1.25,2.66,0.47,0.64,NA
hsa-miR-539-5p,0.08,0.54,3.28,0.17,0.87,NA
hsa-miR-541-3p,0.00,0.00,0.00,0.00,1.00,NA
hsa-miR-542-3p,10.69,0.34,0.91,0.38,0.71,0.93
hsa-miR-542-5p,3.33,0.23,1.07,0.22,0.83,NA
hsa-miR-543,2.24,-1.12,1.48,-0.76,0.45,NA
hsa-miR-545-3p,0.18,0.20,3.28,0.06,0.95,NA
hsa-miR-545-5p,1.74,2.66,2.30,1.16,0.25,NA
hsa-miR-548a-3p,1.60,-1.73,1.65,-1.05,0.30,NA
hsa-miR-548aa,0.67,2.51,3.07,0.82,0.41,NA
hsa-miR-548ab,7.81,-0.67,0.86,-0.78,0.43,0.83
hsa-miR-548ad-5p,11.22,-0.13,0.71,-0.18,0.85,0.98
hsa-miR-548ae-5p,13.29,-0.43,0.64,-0.67,0.50,0.86
hsa-miR-548ag,0.98,3.05,2.00,1.53,0.13,NA
hsa-miR-548ah-3p,1.44,1.24,1.62,0.76,0.45,NA
hsa-miR-548aj-3p,0.19,1.01,3.28,0.31,0.76,NA
hsa-miR-548aj-5p,0.19,0.89,3.28,0.27,0.79,NA
hsa-miR-548ak,0.54,2.20,2.87,0.77,0.44,NA
hsa-miR-548am-3p,1.08,0.72,1.89,0.38,0.70,NA
hsa-miR-548am-5p,10.51,-0.66,0.64,-1.02,0.31,0.73
hsa-miR-548ap-5p,1.80,-0.84,1.60,-0.53,0.60,NA
hsa-miR-548aq-3p,0.82,0.21,2.27,0.09,0.93,NA
hsa-miR-548aq-5p,0.14,0.78,3.28,0.24,0.81,NA
hsa-miR-548ar-3p,0.16,-1.55,3.27,-0.48,0.63,NA
hsa-miR-548ar-5p,0.05,0.43,3.28,0.13,0.90,NA
hsa-miR-548as-5p,0.22,1.12,3.28,0.34,0.73,NA
hsa-miR-548at-5p,0.61,1.71,2.33,0.73,0.46,NA
hsa-miR-548au-5p,8.32,-0.60,0.72,-0.83,0.40,0.82
hsa-miR-548av-3p,1.02,1.11,2.06,0.54,0.59,NA
hsa-miR-548aw,0.04,-0.38,3.28,-0.12,0.91,NA
hsa-miR-548ax,0.55,0.09,3.23,0.03,0.98,NA
hsa-miR-548ay-3p,0.18,-1.73,3.27,-0.53,0.60,NA
hsa-miR-548ay-5p,11.38,-0.19,0.66,-0.29,0.77,0.95
hsa-miR-548az-3p,0.56,0.09,2.90,0.03,0.97,NA
hsa-miR-548az-5p,9.14,-0.70,0.72,-0.98,0.33,0.73
hsa-miR-548b-3p,0.06,0.54,3.28,0.17,0.87,NA
hsa-miR-548b-5p,8.31,-0.79,0.81,-0.98,0.33,0.73
hsa-miR-548bc,0.17,0.89,3.28,0.27,0.79,NA
hsa-miR-548c-3p,0.26,1.24,3.28,0.38,0.71,NA
hsa-miR-548c-5p,10.64,-0.65,0.67,-0.98,0.33,0.73
hsa-miR-548d-3p,0.03,0.31,3.28,0.10,0.92,NA
hsa-miR-548d-5p,11.72,-0.20,0.62,-0.32,0.75,0.95
hsa-miR-548e-3p,1.04,0.59,2.23,0.26,0.79,NA
hsa-miR-548e-5p,0.94,-1.01,2.40,-0.42,0.67,NA
hsa-miR-548f-3p,0.67,0.43,2.55,0.17,0.87,NA
hsa-miR-548g-5p,0.14,0.66,3.28,0.20,0.84,NA
hsa-miR-548h-3p,1.64,1.45,1.75,0.83,0.41,NA
hsa-miR-548h-5p,0.27,0.66,3.28,0.20,0.84,NA
hsa-miR-548i,0.23,0.43,3.28,0.13,0.90,NA
hsa-miR-548j-3p,0.19,1.01,3.28,0.31,0.76,NA
hsa-miR-548j-5p,17.50,0.28,0.52,0.54,0.59,0.91
hsa-miR-548k,1.25,-2.86,1.71,-1.67,0.09,NA
hsa-miR-548l,0.85,-0.81,2.05,-0.40,0.69,NA
hsa-miR-548n,7.86,-0.85,0.77,-1.09,0.27,0.73
hsa-miR-548o-3p,1.02,1.11,2.06,0.54,0.59,NA
hsa-miR-548o-5p,10.64,-0.65,0.67,-0.98,0.33,0.73
hsa-miR-548p,1.47,1.27,1.62,0.78,0.43,NA
hsa-miR-548q,1.65,-0.72,1.83,-0.40,0.69,NA
hsa-miR-548s,1.02,1.11,2.06,0.54,0.59,NA
hsa-miR-548t-3p,0.67,2.51,3.07,0.82,0.41,NA
hsa-miR-548t-5p,0.51,-0.02,3.27,-0.01,1.00,NA
hsa-miR-548u,0.71,-0.07,2.30,-0.03,0.98,NA
hsa-miR-548w,0.18,0.89,3.28,0.27,0.79,NA
hsa-miR-548x-5p,0.14,0.66,3.28,0.20,0.84,NA
hsa-miR-548z,1.84,1.64,1.62,1.02,0.31,NA
hsa-miR-549a-3p,0.03,0.31,3.28,0.10,0.92,NA
hsa-miR-550a-3-5p,0.26,0.31,3.28,0.10,0.92,NA
hsa-miR-550a-3p,0.70,-2.22,2.42,-0.91,0.36,NA
hsa-miR-550a-5p,0.26,0.31,3.28,0.10,0.92,NA
hsa-miR-551a,0.15,0.78,3.28,0.24,0.81,NA
hsa-miR-551b-3p,0.00,NA,NA,NA,NA,NA
hsa-miR-556-3p,0.33,-0.34,3.28,-0.10,0.92,NA
hsa-miR-556-5p,0.05,0.43,3.28,0.13,0.90,NA
hsa-miR-5583-3p,0.36,1.70,3.28,0.52,0.61,NA
hsa-miR-5584-5p,0.16,0.89,3.28,0.27,0.79,NA
hsa-miR-5585-3p,0.05,0.43,3.28,0.13,0.90,NA
hsa-miR-5586-5p,0.00,NA,NA,NA,NA,NA
hsa-miR-5591-5p,0.07,0.43,3.28,0.13,0.90,NA
hsa-miR-561-5p,0.26,-2.29,3.25,-0.71,0.48,NA
hsa-miR-5683,0.24,1.35,3.28,0.41,0.68,NA
hsa-miR-5698,0.58,2.31,2.83,0.81,0.42,NA
hsa-miR-5699-3p,0.00,NA,NA,NA,NA,NA
hsa-miR-5699-5p,0.00,NA,NA,NA,NA,NA
hsa-miR-570-3p,0.36,0.21,2.83,0.07,0.94,NA
hsa-miR-5703,0.00,NA,NA,NA,NA,NA
hsa-miR-573,0.00,NA,NA,NA,NA,NA
hsa-miR-574-3p,72.25,-0.02,0.23,-0.11,0.91,0.99
hsa-miR-574-5p,5.63,1.62,0.80,2.04,0.04,0.35
hsa-miR-576-3p,0.72,2.61,2.48,1.05,0.29,NA
hsa-miR-576-5p,36.08,0.01,0.34,0.03,0.98,0.99
hsa-miR-577,1.29,1.03,1.75,0.59,0.56,NA
hsa-miR-579-3p,0.83,0.48,3.01,0.16,0.87,NA
hsa-miR-579-5p,0.00,0.00,0.00,0.00,1.00,NA
hsa-miR-580-3p,0.51,0.30,2.93,0.10,0.92,NA
hsa-miR-581,0.34,1.63,3.28,0.50,0.62,NA
hsa-miR-582-3p,0.94,0.01,1.88,0.00,1.00,NA
hsa-miR-582-5p,0.43,1.90,2.69,0.70,0.48,NA
hsa-miR-584-3p,0.24,1.12,3.28,0.34,0.73,NA
hsa-miR-584-5p,224.21,-0.81,0.29,-2.75,0.01,0.09
hsa-miR-585-3p,0.00,NA,NA,NA,NA,NA
hsa-miR-585-5p,0.00,NA,NA,NA,NA,NA
hsa-miR-589-3p,0.26,1.24,3.28,0.38,0.71,NA
hsa-miR-589-5p,5.59,0.04,0.97,0.04,0.97,0.99
hsa-miR-590-3p,19.75,-0.50,0.53,-0.94,0.35,0.75
hsa-miR-590-5p,0.47,-0.66,2.96,-0.22,0.82,NA
hsa-miR-592,0.06,0.54,3.28,0.17,0.87,NA
hsa-miR-597-3p,0.25,-0.69,3.28,-0.21,0.83,NA
hsa-miR-597-5p,0.04,-0.38,3.28,-0.12,0.91,NA
hsa-miR-598-3p,7.11,0.61,0.71,0.87,0.39,0.79
hsa-miR-598-5p,0.18,-1.77,3.26,-0.54,0.59,NA
hsa-miR-599,32.49,-0.34,0.52,-0.65,0.52,0.88
hsa-miR-601,0.16,-1.55,3.27,-0.48,0.63,NA
hsa-miR-6070,0.09,0.54,3.28,0.17,0.87,NA
hsa-miR-6088,0.20,1.01,3.28,0.31,0.76,NA
hsa-miR-6090,0.12,-1.26,3.28,-0.39,0.70,NA
hsa-miR-610,0.42,1.86,3.04,0.61,0.54,NA
hsa-miR-6127,0.00,NA,NA,NA,NA,NA
hsa-miR-6129,0.21,-0.49,3.28,-0.15,0.88,NA
hsa-miR-6130,0.27,-0.26,3.28,-0.08,0.94,NA
hsa-miR-6131,1.02,-1.79,1.97,-0.91,0.36,NA
hsa-miR-6132,0.16,0.66,3.28,0.20,0.84,NA
hsa-miR-6133,1.81,2.40,1.28,1.87,0.06,NA
hsa-miR-6134,3.23,-0.17,0.91,-0.19,0.85,NA
hsa-miR-615-3p,0.39,0.21,3.28,0.06,0.95,NA
hsa-miR-615-5p,0.00,NA,NA,NA,NA,NA
hsa-miR-616-3p,0.27,1.24,3.28,0.38,0.71,NA
hsa-miR-6165,0.21,1.01,3.28,0.31,0.76,NA
hsa-miR-618,0.03,0.31,3.28,0.10,0.92,NA
hsa-miR-619-5p,0.15,-1.51,3.27,-0.46,0.65,NA
hsa-miR-622,0.03,0.31,3.28,0.10,0.92,NA
hsa-miR-624-5p,0.70,-0.85,2.78,-0.31,0.76,NA
hsa-miR-625-3p,85.43,0.05,0.22,0.25,0.81,0.97
hsa-miR-625-5p,17.11,0.35,0.65,0.54,0.59,0.91
hsa-miR-627-3p,0.19,1.01,3.28,0.31,0.76,NA
hsa-miR-627-5p,2.42,-0.50,1.32,-0.38,0.71,NA
hsa-miR-628-3p,34.37,-0.05,0.41,-0.11,0.91,0.99
hsa-miR-628-5p,9.97,-0.10,0.62,-0.17,0.87,0.98
hsa-miR-629-3p,0.15,0.78,3.28,0.24,0.81,NA
hsa-miR-629-5p,101.50,0.37,0.30,1.25,0.21,0.69
hsa-miR-636,2.60,2.26,1.26,1.79,0.07,NA
hsa-miR-638,0.16,-1.55,3.27,-0.48,0.63,NA
hsa-miR-641,1.30,1.57,1.75,0.89,0.37,NA
hsa-miR-642a-3p,1.89,-1.66,1.45,-1.15,0.25,NA
hsa-miR-642a-5p,8.93,1.13,0.79,1.43,0.15,0.56
hsa-miR-642b-3p,1.89,-1.66,1.45,-1.15,0.25,NA
hsa-miR-642b-5p,8.86,1.12,0.79,1.42,0.16,0.57
hsa-miR-643,0.14,0.78,3.28,0.24,0.81,NA
hsa-miR-644a,0.08,0.54,3.28,0.17,0.87,NA
hsa-miR-6501-3p,0.00,NA,NA,NA,NA,NA
hsa-miR-6502-5p,0.27,1.24,3.28,0.38,0.71,NA
hsa-miR-6503-3p,0.31,1.50,3.28,0.46,0.65,NA
hsa-miR-6503-5p,0.03,0.31,3.28,0.10,0.92,NA
hsa-miR-6504-5p,0.00,NA,NA,NA,NA,NA
hsa-miR-6505-3p,0.31,-2.51,3.25,-0.77,0.44,NA
hsa-miR-6505-5p,0.00,NA,NA,NA,NA,NA
hsa-miR-6507-5p,0.08,0.54,3.28,0.17,0.87,NA
hsa-miR-6509-5p,0.32,0.66,3.28,0.20,0.84,NA
hsa-miR-651-5p,3.11,0.21,1.13,0.19,0.85,NA
hsa-miR-6510-3p,0.00,NA,NA,NA,NA,NA
hsa-miR-6511a-3p,2.56,-0.09,1.24,-0.07,0.94,NA
hsa-miR-6511a-5p,0.20,1.12,3.28,0.34,0.73,NA
hsa-miR-6511b-3p,2.56,-0.09,1.24,-0.07,0.94,NA
hsa-miR-6511b-5p,0.20,1.12,3.28,0.34,0.73,NA
hsa-miR-6513-3p,0.71,0.67,2.12,0.31,0.75,NA
hsa-miR-6513-5p,0.16,-0.61,3.28,-0.19,0.85,NA
hsa-miR-6514-5p,0.58,0.13,2.87,0.05,0.96,NA
hsa-miR-6515-3p,0.15,-1.51,3.27,-0.46,0.65,NA
hsa-miR-6515-5p,1.26,0.33,2.83,0.12,0.91,NA
hsa-miR-6516-3p,0.26,-2.29,3.25,-0.71,0.48,NA
hsa-miR-6516-5p,0.36,-0.54,3.27,-0.16,0.87,NA
hsa-miR-652-3p,23.83,-0.03,0.57,-0.05,0.96,0.99
hsa-miR-652-5p,0.16,0.66,3.28,0.20,0.84,NA
hsa-miR-653-3p,0.91,-3.20,2.23,-1.43,0.15,NA
hsa-miR-653-5p,0.59,-1.08,2.82,-0.38,0.70,NA
hsa-miR-654-3p,23.77,0.14,0.72,0.19,0.85,0.98
hsa-miR-654-5p,0.18,0.89,3.28,0.27,0.79,NA
hsa-miR-655-3p,0.16,0.89,3.28,0.27,0.79,NA
hsa-miR-656-3p,0.12,-1.26,3.28,-0.39,0.70,NA
hsa-miR-656-5p,0.08,0.54,3.28,0.17,0.87,NA
hsa-miR-659-5p,0.38,1.77,3.08,0.57,0.57,NA
hsa-miR-660-5p,56.93,-0.10,0.31,-0.31,0.75,0.95
hsa-miR-663b,0.08,0.54,3.28,0.17,0.87,NA
hsa-miR-664a-3p,0.06,0.43,3.28,0.13,0.90,NA
hsa-miR-664a-5p,77.64,0.02,0.24,0.09,0.93,0.99
hsa-miR-664b-5p,7.69,0.90,0.88,1.02,0.31,0.73
hsa-miR-665,0.03,0.31,3.28,0.10,0.92,NA
hsa-miR-668-3p,0.23,1.12,3.28,0.34,0.73,NA
hsa-miR-670-5p,0.05,0.43,3.28,0.13,0.90,NA
hsa-miR-671-3p,4.20,-1.47,1.01,-1.45,0.15,NA
hsa-miR-671-5p,38.10,-0.35,0.45,-0.80,0.43,0.82
hsa-miR-6716-3p,0.25,-1.42,3.26,-0.44,0.66,NA
hsa-miR-6718-5p,0.00,NA,NA,NA,NA,NA
hsa-miR-6721-5p,10.05,-0.82,0.71,-1.16,0.25,0.73
hsa-miR-6724-5p,8.59,-0.05,0.88,-0.05,0.96,0.99
hsa-miR-6726-3p,0.10,0.54,3.28,0.17,0.87,NA
hsa-miR-6729-3p,0.10,0.54,3.28,0.17,0.87,NA
hsa-miR-6730-3p,0.24,1.23,3.28,0.37,0.71,NA
hsa-miR-6730-5p,0.52,2.15,3.28,0.66,0.51,NA
hsa-miR-6731-3p,0.11,0.78,3.28,0.24,0.81,NA
hsa-miR-6731-5p,1.46,2.39,1.73,1.38,0.17,NA
hsa-miR-6732-3p,0.00,0.00,0.00,0.00,1.00,NA
hsa-miR-6733-3p,0.24,1.01,3.28,0.31,0.76,NA
hsa-miR-6734-5p,4.64,-0.50,0.89,-0.56,0.58,0.91
hsa-miR-6735-5p,0.52,2.15,2.35,0.91,0.36,NA
hsa-miR-6736-3p,0.10,0.54,3.28,0.17,0.87,NA
hsa-miR-6736-5p,0.00,0.00,0.00,0.00,1.00,NA
hsa-miR-6738-5p,0.51,1.43,2.93,0.49,0.63,NA
hsa-miR-6739-5p,0.05,0.43,3.28,0.13,0.90,NA
hsa-miR-6741-3p,1.90,-0.21,1.51,-0.14,0.89,NA
hsa-miR-6741-5p,0.55,0.82,2.61,0.32,0.75,NA
hsa-miR-6742-5p,0.07,0.43,3.28,0.13,0.90,NA
hsa-miR-6744-5p,0.13,0.78,3.28,0.24,0.81,NA
hsa-miR-6745,0.15,-1.46,3.27,-0.45,0.66,NA
hsa-miR-6746-3p,0.14,0.78,3.28,0.24,0.81,NA
hsa-miR-6746-5p,0.16,-1.55,3.27,-0.48,0.63,NA
hsa-miR-6747-3p,0.70,2.60,2.26,1.15,0.25,NA
hsa-miR-6747-5p,0.21,1.23,3.28,0.37,0.71,NA
hsa-miR-6748-5p,0.21,-0.92,3.28,-0.28,0.78,NA
hsa-miR-6749-3p,0.05,0.43,3.28,0.13,0.90,NA
hsa-miR-6749-5p,0.06,0.43,3.28,0.13,0.90,NA
hsa-miR-675-3p,0.61,2.37,2.54,0.93,0.35,NA
hsa-miR-675-5p,1.18,-1.42,1.68,-0.84,0.40,NA
hsa-miR-6750-5p,0.72,0.38,2.77,0.14,0.89,NA
hsa-miR-6751-5p,0.92,2.96,2.63,1.13,0.26,NA
hsa-miR-6753-3p,0.07,0.43,3.28,0.13,0.90,NA
hsa-miR-6754-3p,0.36,-1.99,3.25,-0.61,0.54,NA
hsa-miR-6754-5p,0.27,1.24,3.28,0.38,0.71,NA
hsa-miR-6756-5p,0.00,0.00,0.00,0.00,1.00,NA
hsa-miR-6758-3p,0.18,-1.73,3.27,-0.53,0.60,NA
hsa-miR-6758-5p,0.10,0.66,3.28,0.20,0.84,NA
hsa-miR-676-3p,1.11,0.35,2.22,0.16,0.88,NA
hsa-miR-6760-3p,0.12,0.66,3.28,0.20,0.84,NA
hsa-miR-6760-5p,0.26,1.01,3.28,0.31,0.76,NA
hsa-miR-6761-5p,0.19,1.01,3.28,0.31,0.76,NA
hsa-miR-6763-5p,0.46,1.98,3.28,0.60,0.55,NA
hsa-miR-6764-5p,0.21,1.12,3.28,0.34,0.73,NA
hsa-miR-6765-3p,0.00,NA,NA,NA,NA,NA
hsa-miR-6766-3p,0.32,-2.36,3.25,-0.73,0.47,NA
hsa-miR-6767-5p,0.54,-1.90,2.56,-0.74,0.46,NA
hsa-miR-6769b-3p,0.76,1.37,2.29,0.60,0.55,NA
hsa-miR-6770-3p,0.00,0.00,0.00,0.00,1.00,NA
hsa-miR-6772-3p,0.69,2.56,2.27,1.13,0.26,NA
hsa-miR-6774-3p,0.07,0.43,3.28,0.13,0.90,NA
hsa-miR-6777-5p,0.29,-0.98,3.27,-0.30,0.77,NA
hsa-miR-6779-3p,0.10,-0.96,3.28,-0.29,0.77,NA
hsa-miR-6779-5p,0.32,1.49,3.28,0.46,0.65,NA
hsa-miR-6780a-5p,1.53,1.78,2.02,0.89,0.38,NA
hsa-miR-6780b-5p,0.30,-2.47,3.25,-0.76,0.45,NA
hsa-miR-6782-3p,0.32,-1.45,3.26,-0.45,0.66,NA
hsa-miR-6782-5p,0.06,0.43,3.28,0.13,0.90,NA
hsa-miR-6783-5p,0.35,1.49,3.28,0.46,0.65,NA
hsa-miR-6785-5p,0.58,0.91,2.87,0.32,0.75,NA
hsa-miR-6786-3p,1.61,0.22,1.72,0.12,0.90,NA
hsa-miR-6787-5p,0.12,0.78,3.28,0.24,0.81,NA
hsa-miR-6788-5p,0.51,2.11,3.28,0.65,0.52,NA
hsa-miR-6789-5p,0.41,-0.38,3.27,-0.12,0.91,NA
hsa-miR-6790-5p,0.12,-1.26,3.28,-0.39,0.70,NA
hsa-miR-6791-3p,0.27,1.24,3.28,0.38,0.71,NA
hsa-miR-6791-5p,0.05,0.43,3.28,0.13,0.90,NA
hsa-miR-6792-3p,0.08,0.54,3.28,0.17,0.87,NA
hsa-miR-6793-5p,0.71,2.61,2.06,1.27,0.21,NA
hsa-miR-6796-5p,0.27,1.24,3.28,0.38,0.71,NA
hsa-miR-6797-5p,0.26,1.24,3.28,0.38,0.71,NA
hsa-miR-6798-3p,0.03,0.31,3.28,0.10,0.92,NA
hsa-miR-6799-5p,0.39,1.78,3.28,0.54,0.59,NA
hsa-miR-6800-5p,0.03,0.31,3.28,0.10,0.92,NA
hsa-miR-6802-3p,0.54,2.21,3.21,0.69,0.49,NA
hsa-miR-6802-5p,0.14,0.78,3.28,0.24,0.81,NA
hsa-miR-6803-3p,10.89,-0.17,0.74,-0.23,0.82,0.97
hsa-miR-6803-5p,0.90,0.70,2.25,0.31,0.76,NA
hsa-miR-6805-5p,2.66,0.37,1.13,0.33,0.74,NA
hsa-miR-6807-5p,0.39,0.34,3.12,0.11,0.91,NA
hsa-miR-6810-3p,0.41,-2.05,3.25,-0.63,0.53,NA
hsa-miR-6813-5p,0.89,-0.58,2.05,-0.28,0.78,NA
hsa-miR-6815-5p,0.18,1.01,3.28,0.31,0.76,NA
hsa-miR-6817-5p,0.04,-0.38,3.28,-0.12,0.91,NA
hsa-miR-6818-3p,0.04,-0.38,3.28,-0.12,0.91,NA
hsa-miR-6819-3p,0.10,-0.96,3.28,-0.29,0.77,NA
hsa-miR-6820-3p,0.21,1.23,3.28,0.37,0.71,NA
hsa-miR-6821-5p,0.40,1.71,3.28,0.52,0.60,NA
hsa-miR-6822-5p,0.10,-0.96,3.28,-0.29,0.77,NA
hsa-miR-6825-3p,0.03,0.31,3.28,0.10,0.92,NA
hsa-miR-6825-5p,0.28,-1.05,3.27,-0.32,0.75,NA
hsa-miR-6826-3p,0.26,-2.29,3.25,-0.71,0.48,NA
hsa-miR-6831-5p,0.12,-1.26,3.28,-0.39,0.70,NA
hsa-miR-6832-5p,0.50,-2.13,3.19,-0.67,0.51,NA
hsa-miR-6833-3p,0.08,0.54,3.28,0.17,0.87,NA
hsa-miR-6833-5p,0.17,-1.53,3.27,-0.47,0.64,NA
hsa-miR-6834-5p,0.19,1.01,3.28,0.31,0.76,NA
hsa-miR-6835-5p,0.09,0.54,3.28,0.17,0.87,NA
hsa-miR-6837-3p,0.05,0.43,3.28,0.13,0.90,NA
hsa-miR-6837-5p,0.17,-1.65,3.27,-0.50,0.61,NA
hsa-miR-6838-5p,0.08,0.43,3.28,0.13,0.90,NA
hsa-miR-6840-5p,0.08,0.54,3.28,0.17,0.87,NA
hsa-miR-6842-3p,1.11,-2.09,2.11,-0.99,0.32,NA
hsa-miR-6842-5p,0.70,-0.48,2.28,-0.21,0.83,NA
hsa-miR-6846-5p,0.13,0.78,3.28,0.24,0.81,NA
hsa-miR-6847-5p,1.12,-2.36,1.90,-1.24,0.21,NA
hsa-miR-6849-5p,0.18,1.01,3.28,0.31,0.76,NA
hsa-miR-6850-5p,1.55,-3.34,1.82,-1.84,0.07,NA
hsa-miR-6852-5p,2.49,0.57,1.42,0.40,0.69,NA
hsa-miR-6854-5p,0.14,0.66,3.28,0.20,0.84,NA
hsa-miR-6855-5p,0.19,1.01,3.28,0.31,0.76,NA
hsa-miR-6856-5p,0.15,-1.46,3.27,-0.45,0.66,NA
hsa-miR-6857-5p,0.00,0.00,0.00,0.00,1.00,NA
hsa-miR-6858-5p,0.06,0.43,3.28,0.13,0.90,NA
hsa-miR-6859-3p,0.34,-1.52,3.26,-0.47,0.64,NA
hsa-miR-6859-5p,0.31,-1.19,3.26,-0.36,0.72,NA
hsa-miR-6865-5p,0.24,1.24,3.28,0.38,0.71,NA
hsa-miR-6866-5p,0.12,-0.03,3.28,-0.01,0.99,NA
hsa-miR-6868-3p,0.35,0.54,3.28,0.17,0.87,NA
hsa-miR-6870-5p,0.29,-1.09,3.27,-0.33,0.74,NA
hsa-miR-6873-3p,0.10,-0.96,3.28,-0.29,0.77,NA
hsa-miR-6875-5p,0.10,-0.96,3.28,-0.29,0.77,NA
hsa-miR-6877-5p,0.64,2.45,2.54,0.97,0.33,NA
hsa-miR-6878-5p,0.08,0.54,3.28,0.17,0.87,NA
hsa-miR-6879-3p,0.09,-0.96,3.28,-0.29,0.77,NA
hsa-miR-6879-5p,1.71,-1.44,1.78,-0.81,0.42,NA
hsa-miR-6880-5p,0.24,1.35,3.28,0.41,0.68,NA
hsa-miR-6881-3p,0.40,1.83,3.05,0.60,0.55,NA
hsa-miR-6881-5p,0.09,0.54,3.28,0.17,0.87,NA
hsa-miR-6882-3p,0.00,0.00,0.00,0.00,1.00,NA
hsa-miR-6882-5p,1.02,1.18,2.24,0.52,0.60,NA
hsa-miR-6883-3p,0.52,-2.84,3.13,-0.91,0.36,NA
hsa-miR-6884-5p,1.29,0.37,2.03,0.18,0.85,NA
hsa-miR-6887-5p,0.00,0.00,0.00,0.00,1.00,NA
hsa-miR-6890-5p,0.00,0.00,0.00,0.00,1.00,NA
hsa-miR-6891-5p,0.75,0.59,2.78,0.21,0.83,NA
hsa-miR-6892-5p,0.57,2.30,2.57,0.89,0.37,NA
hsa-miR-6893-5p,0.16,1.01,3.28,0.31,0.76,NA
hsa-miR-6894-5p,1.11,1.02,2.40,0.42,0.67,NA
hsa-miR-7-1-3p,2.50,-0.95,1.32,-0.72,0.47,NA
hsa-miR-7-5p,210.14,0.52,0.20,2.57,0.01,0.14
hsa-miR-708-3p,0.10,-0.96,3.28,-0.29,0.77,NA
hsa-miR-708-5p,2.85,-1.01,1.40,-0.72,0.47,NA
hsa-miR-7106-5p,0.15,0.89,3.28,0.27,0.79,NA
hsa-miR-7109-5p,0.12,0.66,3.28,0.20,0.84,NA
hsa-miR-711,0.05,0.43,3.28,0.13,0.90,NA
hsa-miR-7110-3p,0.14,0.66,3.28,0.20,0.84,NA
hsa-miR-7110-5p,0.00,0.00,0.00,0.00,1.00,NA
hsa-miR-7111-3p,0.05,0.43,3.28,0.13,0.90,NA
hsa-miR-7113-3p,0.05,0.43,3.28,0.13,0.90,NA
hsa-miR-7113-5p,0.41,-0.42,3.27,-0.13,0.90,NA
hsa-miR-7114-3p,0.26,-2.29,3.25,-0.71,0.48,NA
hsa-miR-7150,0.18,-1.77,3.26,-0.54,0.59,NA
hsa-miR-7160-5p,0.25,1.12,3.28,0.34,0.73,NA
hsa-miR-7161-3p,0.15,-1.51,3.27,-0.46,0.65,NA
hsa-miR-744-5p,326.55,-0.28,0.26,-1.09,0.28,0.73
hsa-miR-758-3p,0.08,0.54,3.28,0.17,0.87,NA
hsa-miR-759,0.16,-1.55,3.27,-0.48,0.63,NA
hsa-miR-760,4.41,-1.95,1.23,-1.59,0.11,0.48
hsa-miR-765,0.81,-0.29,2.27,-0.13,0.90,NA
hsa-miR-766-3p,1.80,-0.10,1.41,-0.07,0.94,NA
hsa-miR-766-5p,1.02,-0.94,1.86,-0.50,0.61,NA
hsa-miR-767-3p,0.12,0.78,3.28,0.24,0.81,NA
hsa-miR-767-5p,0.18,-1.39,3.27,-0.43,0.67,NA
hsa-miR-769-3p,3.13,-0.94,1.32,-0.72,0.47,NA
hsa-miR-769-5p,17.00,-0.11,0.46,-0.23,0.82,0.97
hsa-miR-7705,0.14,0.78,3.28,0.24,0.81,NA
hsa-miR-7706,3.10,0.70,1.20,0.59,0.56,NA
hsa-miR-7845-5p,0.36,1.68,3.14,0.54,0.59,NA
hsa-miR-7848-3p,0.04,-0.38,3.28,-0.12,0.91,NA
hsa-miR-7850-5p,0.11,0.78,3.28,0.24,0.81,NA
hsa-miR-7851-3p,0.04,-0.38,3.28,-0.12,0.91,NA
hsa-miR-7852-3p,0.09,0.54,3.28,0.17,0.87,NA
hsa-miR-7853-5p,0.09,0.54,3.28,0.17,0.87,NA
hsa-miR-7855-5p,0.68,-1.89,3.04,-0.62,0.53,NA
hsa-miR-7856-5p,0.10,-0.96,3.28,-0.29,0.77,NA
hsa-miR-7976,2.93,1.05,1.27,0.83,0.41,NA
hsa-miR-7977,0.08,0.54,3.28,0.17,0.87,NA
hsa-miR-802,0.00,NA,NA,NA,NA,NA
hsa-miR-8059,0.00,NA,NA,NA,NA,NA
hsa-miR-8060,0.15,-1.51,3.27,-0.46,0.65,NA
hsa-miR-8065,0.06,0.54,3.28,0.17,0.87,NA
hsa-miR-8071,0.48,-0.24,3.27,-0.07,0.94,NA
hsa-miR-8072,0.17,0.89,3.28,0.27,0.79,NA
hsa-miR-8080,0.07,0.43,3.28,0.13,0.90,NA
hsa-miR-8082,0.25,1.12,3.28,0.34,0.73,NA
hsa-miR-8085,0.06,0.54,3.28,0.17,0.87,NA
hsa-miR-8086,0.16,-1.55,3.27,-0.48,0.63,NA
hsa-miR-873-3p,0.38,-2.13,3.25,-0.65,0.51,NA
hsa-miR-873-5p,2.51,0.98,1.82,0.54,0.59,NA
hsa-miR-874-3p,10.43,-0.17,0.77,-0.22,0.83,0.97
hsa-miR-874-5p,1.43,1.14,1.74,0.65,0.51,NA
hsa-miR-875-5p,0.44,-1.48,3.25,-0.46,0.65,NA
hsa-miR-876-5p,0.31,-2.51,3.25,-0.77,0.44,NA
hsa-miR-877-3p,0.90,0.15,2.23,0.07,0.95,NA
hsa-miR-877-5p,1.54,0.33,1.73,0.19,0.85,NA
hsa-miR-885-3p,2.59,-0.95,1.59,-0.60,0.55,NA
hsa-miR-885-5p,1.57,-2.10,1.75,-1.20,0.23,NA
hsa-miR-887-3p,3.00,-0.49,1.27,-0.39,0.70,NA
hsa-miR-887-5p,0.11,0.78,3.28,0.24,0.81,NA
hsa-miR-889-3p,2.76,0.02,1.60,0.01,0.99,NA
hsa-miR-889-5p,0.04,-0.38,3.28,-0.12,0.91,NA
hsa-miR-891a-5p,0.00,0.00,0.00,0.00,1.00,NA
hsa-miR-892a,0.05,0.43,3.28,0.13,0.90,NA
hsa-miR-892b,0.00,NA,NA,NA,NA,NA
hsa-miR-9-3p,1.40,-1.87,1.92,-0.98,0.33,NA
hsa-miR-9-5p,11.98,-0.77,0.74,-1.04,0.30,0.73
hsa-miR-92a-1-5p,2.88,-1.17,1.03,-1.13,0.26,NA
hsa-miR-92a-2-5p,0.18,1.01,3.28,0.31,0.76,NA
hsa-miR-92a-3p,7392.04,-0.07,0.24,-0.30,0.76,0.95
hsa-miR-92b-3p,73.44,-0.17,0.35,-0.49,0.63,0.91
hsa-miR-92b-5p,16.31,0.25,0.60,0.43,0.67,0.91
hsa-miR-93-3p,9.64,-0.42,0.75,-0.56,0.57,0.91
hsa-miR-93-5p,2852.41,0.35,0.14,2.55,0.01,0.14
hsa-miR-934,0.00,0.00,0.00,0.00,1.00,NA
hsa-miR-935,3.83,1.58,1.13,1.39,0.16,NA
hsa-miR-936,0.16,-1.55,3.27,-0.48,0.63,NA
hsa-miR-937-5p,0.26,-2.29,3.25,-0.71,0.48,NA
hsa-miR-939-5p,0.06,0.54,3.28,0.17,0.87,NA
hsa-miR-941,28.49,0.82,0.50,1.64,0.10,0.48
hsa-miR-942-5p,40.56,0.23,0.32,0.72,0.47,0.84
hsa-miR-944,0.23,-1.30,3.27,-0.40,0.69,NA
hsa-miR-95-3p,37.33,0.28,0.37,0.78,0.44,0.83
hsa-miR-95-5p,0.19,-1.86,3.26,-0.57,0.57,NA
hsa-miR-96-5p,40.36,0.39,0.45,0.88,0.38,0.79
hsa-miR-98-5p,561.07,-0.03,0.15,-0.20,0.84,0.97
hsa-miR-9901,0.00,NA,NA,NA,NA,NA
hsa-miR-9985,44.07,0.13,0.43,0.31,0.76,0.95
hsa-miR-99a-3p,0.72,-0.79,2.50,-0.32,0.75,NA
hsa-miR-99a-5p,37.41,-0.40,0.38,-1.05,0.29,0.73
hsa-miR-99b-3p,11.52,0.87,0.86,1.01,0.31,0.73
hsa-miR-99b-5p,378.61,0.30,0.16,1.86,0.06,0.41
unconservative_1_11547,0.18,-1.73,3.27,-0.53,0.60,NA
unconservative_1_11862,0.31,1.56,3.28,0.48,0.63,NA
unconservative_1_1235,0.00,0.00,0.00,0.00,1.00,NA
unconservative_1_1280,0.77,-2.28,2.94,-0.77,0.44,NA
unconservative_1_1975,0.12,0.66,3.28,0.20,0.84,NA
unconservative_1_4439,0.08,0.54,3.28,0.17,0.87,NA
unconservative_1_4980,1.92,0.41,1.84,0.22,0.82,NA
unconservative_1_522,7.70,-0.54,0.72,-0.75,0.45,0.84
unconservative_1_5278,0.35,1.49,3.28,0.46,0.65,NA
unconservative_1_5378,0.16,-1.55,3.27,-0.48,0.63,NA
unconservative_1_5466,0.28,1.36,3.28,0.41,0.68,NA
unconservative_1_7299,0.24,0.89,3.28,0.27,0.79,NA
unconservative_1_7525,0.25,1.24,3.28,0.38,0.71,NA
unconservative_1_7641,0.26,-2.29,3.25,-0.71,0.48,NA
unconservative_1_8348,0.00,0.00,0.00,0.00,1.00,NA
unconservative_1_8759,415.74,-0.51,0.38,-1.34,0.18,0.60
unconservative_10_74769,0.57,2.28,2.13,1.07,0.28,NA
unconservative_10_76090,0.83,2.83,2.42,1.17,0.24,NA
unconservative_10_76450,0.00,0.00,0.00,0.00,1.00,NA
unconservative_10_76667,0.30,-2.47,3.25,-0.76,0.45,NA
unconservative_10_77289,0.15,-1.46,3.27,-0.45,0.66,NA
unconservative_10_77947,0.73,1.97,3.05,0.64,0.52,NA
unconservative_10_78042,0.81,-0.73,2.47,-0.30,0.77,NA
unconservative_10_78670,0.10,-0.96,3.28,-0.29,0.77,NA
unconservative_10_79867,0.82,-2.00,2.00,-1.00,0.32,NA
unconservative_11_80805,0.44,-2.10,2.93,-0.72,0.47,NA
unconservative_11_81282,1.18,2.71,1.87,1.45,0.15,NA
unconservative_11_83706,0.30,1.48,3.28,0.45,0.65,NA
unconservative_11_85891,0.59,-1.79,2.79,-0.64,0.52,NA
unconservative_11_85963,1.18,2.71,1.87,1.45,0.15,NA
unconservative_12_88019,0.47,2.01,2.95,0.68,0.49,NA
unconservative_12_88777,2.43,0.79,1.74,0.46,0.65,NA
unconservative_12_89029,3.91,0.26,1.04,0.25,0.80,NA
unconservative_12_90205,0.35,1.66,3.28,0.51,0.61,NA
unconservative_12_90564,5.92,-0.42,0.96,-0.44,0.66,0.91
unconservative_12_90688,0.00,NA,NA,NA,NA,NA
unconservative_12_91679,0.00,0.00,0.00,0.00,1.00,NA
unconservative_12_92189,3.28,0.16,1.28,0.13,0.90,NA
unconservative_12_92616,0.69,2.56,2.50,1.02,0.31,NA
unconservative_12_92875,4.42,-1.40,1.19,-1.17,0.24,0.73
unconservative_12_93095,1.25,3.42,1.58,2.17,0.03,NA
unconservative_14_100210,0.13,0.89,3.28,0.27,0.79,NA
unconservative_14_100655,0.23,0.43,3.28,0.13,0.90,NA
unconservative_14_101090,0.69,2.55,3.27,0.78,0.44,NA
unconservative_14_101131,0.06,0.43,3.28,0.13,0.90,NA
unconservative_14_101726,0.06,0.54,3.28,0.17,0.87,NA
unconservative_14_101949,0.28,-2.37,3.25,-0.73,0.47,NA
unconservative_14_98019,0.00,0.00,0.00,0.00,1.00,NA
unconservative_14_98076,0.00,0.00,0.00,0.00,1.00,NA
unconservative_14_98829,0.36,1.36,3.28,0.41,0.68,NA
unconservative_14_98967,0.00,0.00,0.00,0.00,1.00,NA
unconservative_14_99471,1.40,0.51,2.35,0.22,0.83,NA
unconservative_15_102305,0.15,-1.51,3.27,-0.46,0.65,NA
unconservative_15_102439,1.30,0.38,2.36,0.16,0.87,NA
unconservative_15_104225,1.29,1.61,2.20,0.73,0.46,NA
unconservative_15_105845,0.05,0.43,3.28,0.13,0.90,NA
unconservative_15_106050,0.00,0.00,0.00,0.00,1.00,NA
unconservative_15_106124,0.65,2.49,2.51,0.99,0.32,NA
unconservative_16_107296,0.00,0.00,0.00,0.00,1.00,NA
unconservative_16_107643,0.42,-0.92,3.27,-0.28,0.78,NA
unconservative_16_107833,0.31,-0.95,3.27,-0.29,0.77,NA
unconservative_16_108091,22.67,-0.65,0.48,-1.37,0.17,0.58
unconservative_16_109359,0.00,0.00,0.00,0.00,1.00,NA
unconservative_16_109717,211.68,-1.48,0.41,-3.60,0.00,0.02
unconservative_16_109718,211.68,-1.48,0.41,-3.60,0.00,0.02
unconservative_16_110339,0.29,-1.05,3.27,-0.32,0.75,NA
unconservative_17_111357,1.84,0.59,1.73,0.34,0.73,NA
unconservative_17_112282,0.10,0.54,3.28,0.17,0.87,NA
unconservative_17_112568,0.08,0.54,3.28,0.17,0.87,NA
unconservative_17_112639,0.21,1.12,3.28,0.34,0.73,NA
unconservative_17_113752,0.27,1.12,3.28,0.34,0.73,NA
unconservative_17_113922,0.08,0.54,3.28,0.17,0.87,NA
unconservative_17_113936,0.17,0.78,3.28,0.24,0.81,NA
unconservative_17_114185,3.34,2.51,1.28,1.96,0.05,NA
unconservative_17_116620,3.61,-1.06,0.95,-1.12,0.26,NA
unconservative_17_117130,1.02,1.18,2.23,0.53,0.60,NA
unconservative_19_120946,0.74,2.66,2.46,1.08,0.28,NA
unconservative_19_121519,0.24,1.35,3.28,0.41,0.68,NA
unconservative_19_121831,0.23,1.24,3.28,0.38,0.71,NA
unconservative_19_121929,0.47,2.02,3.28,0.62,0.54,NA
unconservative_19_122720,0.33,1.24,3.28,0.38,0.71,NA
unconservative_19_122938,0.07,0.43,3.28,0.13,0.90,NA
unconservative_19_123231,0.33,1.62,3.28,0.49,0.62,NA
unconservative_19_123814,0.23,1.12,3.28,0.34,0.73,NA
unconservative_19_124298,0.10,0.54,3.28,0.17,0.87,NA
unconservative_2_13324,0.10,0.54,3.28,0.17,0.87,NA
unconservative_2_13541,0.09,0.54,3.28,0.17,0.87,NA
unconservative_2_14781,0.27,1.12,3.28,0.34,0.73,NA
unconservative_2_15943,0.24,1.01,3.28,0.31,0.76,NA
unconservative_2_17581,4.16,-0.10,1.11,-0.09,0.93,NA
unconservative_2_18036,0.63,2.44,3.11,0.78,0.43,NA
unconservative_2_19134,0.19,1.01,3.28,0.31,0.76,NA
unconservative_2_20598,0.15,0.78,3.28,0.24,0.81,NA
unconservative_2_21572,7.11,-0.90,0.76,-1.19,0.23,0.73
unconservative_2_22836,4.05,-0.33,1.30,-0.25,0.80,NA
unconservative_2_23246,3.01,1.29,1.73,0.74,0.46,NA
unconservative_20_125473,2.17,0.11,1.42,0.08,0.94,NA
unconservative_20_126142,0.47,2.02,2.96,0.68,0.50,NA
unconservative_20_126321,0.09,-0.96,3.28,-0.29,0.77,NA
unconservative_20_126747,0.21,-1.23,3.27,-0.38,0.71,NA
unconservative_20_127678,0.22,1.12,3.28,0.34,0.73,NA
unconservative_20_128005,16.86,-0.69,0.50,-1.39,0.16,0.58
unconservative_20_128253,0.17,-0.61,3.28,-0.19,0.85,NA
unconservative_20_128410,0.27,1.36,3.28,0.41,0.68,NA
unconservative_21_128717,0.47,-3.12,3.24,-0.96,0.33,NA
unconservative_21_128853,0.47,-3.12,3.24,-0.96,0.33,NA
unconservative_21_128941,0.47,-3.12,3.24,-0.96,0.33,NA
unconservative_21_128967,0.15,0.78,3.28,0.24,0.81,NA
unconservative_21_129073,0.47,-3.12,3.24,-0.96,0.33,NA
unconservative_21_129816,0.23,-1.18,3.27,-0.36,0.72,NA
unconservative_21_130893,0.27,1.12,3.28,0.34,0.73,NA
unconservative_22_131050,4.31,-1.99,1.22,-1.63,0.10,NA
unconservative_22_131099,0.24,1.01,3.28,0.31,0.76,NA
unconservative_22_131504,0.46,1.98,3.28,0.60,0.55,NA
unconservative_22_132257,0.27,1.12,3.28,0.34,0.73,NA
unconservative_22_132741,0.07,0.43,3.28,0.13,0.90,NA
unconservative_22_132874,0.31,1.36,3.28,0.41,0.68,NA
unconservative_22_133467,2.96,-0.07,1.34,-0.05,0.96,NA
unconservative_3_26128,0.14,0.78,3.28,0.24,0.81,NA
unconservative_3_26509,0.14,0.78,3.28,0.24,0.81,NA
unconservative_3_28181,1.08,0.49,1.74,0.28,0.78,NA
unconservative_3_28709,3.95,-0.09,1.52,-0.06,0.95,NA
unconservative_3_29024,0.24,0.89,3.28,0.27,0.79,NA
unconservative_3_29205,0.00,0.00,0.00,0.00,1.00,NA
unconservative_3_30186,0.14,0.78,3.28,0.24,0.81,NA
unconservative_3_30576,11.93,-0.18,0.75,-0.24,0.81,0.97
unconservative_3_30624,0.14,0.78,3.28,0.24,0.81,NA
unconservative_3_31440,0.18,0.89,3.28,0.27,0.79,NA
unconservative_3_32039,0.32,1.49,3.28,0.46,0.65,NA
unconservative_4_33132,37.34,-0.65,0.39,-1.68,0.09,0.48
unconservative_4_33135,1.17,0.45,2.19,0.21,0.84,NA
unconservative_4_34963,0.86,1.56,2.46,0.63,0.53,NA
unconservative_4_35928,0.26,1.24,3.28,0.38,0.71,NA
unconservative_5_42212,2.92,1.26,0.97,1.29,0.20,NA
unconservative_5_42951,0.80,2.78,2.22,1.25,0.21,NA
unconservative_5_45744,1.53,1.25,1.75,0.72,0.47,NA
unconservative_5_46374,0.19,1.01,3.28,0.31,0.76,NA
unconservative_6_47715,0.00,0.00,0.00,0.00,1.00,NA
unconservative_6_48320,0.17,-1.53,3.27,-0.47,0.64,NA
unconservative_6_54607,0.40,-1.29,3.04,-0.43,0.67,NA
unconservative_7_55000,0.09,0.54,3.28,0.17,0.87,NA
unconservative_7_55174,0.26,-2.29,3.25,-0.71,0.48,NA
unconservative_7_56727,0.08,0.54,3.28,0.17,0.87,NA
unconservative_7_58181,5.06,-1.82,1.03,-1.77,0.08,0.47
unconservative_7_58408,0.18,-1.73,3.27,-0.53,0.60,NA
unconservative_7_58611,12.77,-0.72,0.73,-0.98,0.33,0.73
unconservative_7_58612,12.77,-0.72,0.73,-0.98,0.33,0.73
unconservative_7_58730,0.12,0.78,3.28,0.24,0.81,NA
unconservative_7_58813,4.63,0.45,1.00,0.45,0.65,0.91
unconservative_7_59344,195.82,-1.37,0.38,-3.62,0.00,0.02
unconservative_7_59864,0.26,1.12,3.28,0.34,0.73,NA
unconservative_7_60373,4.13,-0.39,1.43,-0.27,0.78,NA
unconservative_7_61253,0.43,-1.46,2.99,-0.49,0.63,NA
unconservative_8_62475,0.28,1.36,3.28,0.41,0.68,NA
unconservative_8_62933,1.36,-3.64,1.73,-2.11,0.03,NA
unconservative_8_62934,1.36,-3.64,1.73,-2.11,0.03,NA
unconservative_8_62936,15.32,-2.48,0.90,-2.76,0.01,0.09
unconservative_8_63413,0.00,0.00,0.00,0.00,1.00,NA
unconservative_8_63844,2.21,2.70,2.10,1.29,0.20,NA
unconservative_8_64647,3.31,-0.74,1.40,-0.53,0.60,NA
unconservative_8_65910,0.00,NA,NA,NA,NA,NA
unconservative_8_66019,0.19,1.01,3.28,0.31,0.76,NA
unconservative_8_66536,0.15,0.89,3.28,0.27,0.79,NA
unconservative_8_66823,0.15,0.78,3.28,0.24,0.81,NA
unconservative_9_70125,0.07,0.43,3.28,0.13,0.90,NA
unconservative_9_70166,0.49,2.07,3.28,0.63,0.53,NA
unconservative_9_70688,0.15,0.78,3.28,0.24,0.81,NA
unconservative_9_70695,9.94,1.01,0.89,1.12,0.26,0.73
unconservative_9_72421,2.71,0.68,1.70,0.40,0.69,NA
unconservative_9_72978,0.87,-1.56,2.41,-0.65,0.52,NA
unconservative_MT_140011,0.48,-0.09,3.27,-0.03,0.98,NA
unconservative_X_133970,0.54,2.22,2.86,0.78,0.44,NA
unconservative_X_135474,26.24,-1.60,0.58,-2.74,0.01,0.09
unconservative_X_136168,0.00,0.00,0.00,0.00,1.00,NA
unconservative_X_136527,6.14,-0.07,1.11,-0.06,0.95,0.99
unconservative_X_137285,0.53,2.17,3.28,0.66,0.51,NA
unconservative_X_137876,6.11,-0.39,0.98,-0.40,0.69,0.92
unconservative_X_138643,0.00,NA,NA,NA,NA,NA
unconservative_Y_139678,0.20,-1.28,3.27,-0.39,0.70,NA